Date,Close,High,Low,Open,Volume
2010-01-04,22.20687866210937,22.447996443058333,21.8612782443414,22.1908040349466,2860350
2010-01-05,22.335468292236328,22.43995252859984,21.99790446186663,22.158650692035305,2627885
2010-01-06,22.399768829345703,22.5203276997328,22.12650346609504,22.29528458344305,2789900
2010-01-07,22.488178253173828,22.64088637118805,22.26313676535379,22.3033225129656,2560724
2010-01-08,22.536399841308597,22.64088407569988,22.31135674981257,22.32743137252602,3961031
2010-01-11,22.488178253173828,22.77751823836667,22.351546385995203,22.608737122501644,2714250
2010-01-12,22.29529190063477,22.38370155106854,21.87735640635243,22.335477661788406,3009633
2010-01-13,22.608736038208008,22.6810710310371,22.27920869471478,22.35154531403619,2632978
2010-01-14,23.862546920776367,24.01525505230276,22.48014374337254,22.552478746071213,7138090
2010-01-15,23.549095153808597,23.854509782188185,23.34012665094637,23.854509782188185,4868823
2010-01-19,23.709836959838867,23.73394808172652,23.420496991217853,23.63750196768361,2610803
2010-01-20,23.13919448852539,23.613391833085867,23.042748370450017,23.565167960802,3554350
2010-01-21,22.608736038208008,23.605352940735354,22.600699539668028,23.251714475129862,4382354
2010-01-22,22.06221389770508,22.705194257847868,22.02202813347524,22.600709969655828,3323689
2010-01-25,22.110429763793945,22.41584438875174,21.957721638068808,22.28724901400517,1982266
2010-01-26,21.81305503845215,22.303327115869934,21.79698203728424,22.01398707096382,4083683
2010-01-27,21.604084014892575,21.87734938006356,21.137923154552784,21.79697788356897,3890687
2010-01-28,21.435302734375,21.885387374375785,21.15399922443981,21.74071736960741,2846557
2010-01-29,21.08165740966797,21.805008826256515,21.009322430658315,21.52370540722253,5062986
2010-02-01,21.34689140319824,21.40315177539821,21.17007216114554,21.21025953542472,2783534
2010-02-02,21.53978157043457,21.7005261604679,21.370998856328907,21.451371964591637,3915939
2010-02-03,21.30670166015625,21.46744624765428,21.20221743430872,21.451371626255263,4025858
2010-02-04,20.687841415405277,21.86127778836389,20.687841415405277,21.45941699715445,6435814
2010-02-05,21.05755043029785,21.073625053958025,20.59942772221381,20.719986586418926,7885458
2010-02-08,20.85662078857422,21.250446672709813,20.760174662281173,21.08166391858134,3191700
2010-02-09,20.99325180053711,21.258480649484326,20.888767560664665,21.194182155257494,4555085
2010-02-10,21.21829605102539,21.523710662130743,21.08166255665231,21.12184993096301,5832741
2010-02-11,21.42726707458496,21.499603711787717,20.83251236135882,21.210263668947576,5260969
2010-02-12,21.571928024291992,21.69248685785066,21.105768936123187,21.547816908177023,4375246
2010-02-16,21.79698181152344,21.9175390779905,21.459417887131693,21.80501831202416,5916348
2010-02-17,21.80502319335937,21.990151964502104,21.67623789043857,21.78892482688244,4593812
2010-02-18,21.772829055786133,21.81307579122336,21.53135678763732,21.587700262575545,3080083
2010-02-19,21.94186019897461,21.998203671574757,21.61989610220679,21.62794447162331,3267243
2010-02-22,22.022350311279297,22.13503725598099,21.86941826188341,21.949908471271808,4407182
2010-02-23,21.78892517089844,22.070644145350744,21.58769803010168,21.9901523116952,3324962
2010-02-24,21.94186019897461,21.957958566702484,21.708436310262684,21.893565095790983,3145016
2010-02-25,21.73258209228516,21.756728828368328,21.44281474370803,21.748680459305525,3789680
2010-02-26,21.821121215820312,21.925759781823405,21.507205517811038,21.732581016040363,2873825
2010-03-01,21.9096622467041,22.12698775561837,21.7808769409284,21.91771061567363,2710537
2010-03-02,21.6279411315918,22.135033935576903,21.57964766476104,22.102838833987928,4150844
2010-03-03,21.507213592529297,21.78088429217562,21.346231498753053,21.74063754706009,4429251
2010-03-04,21.72453498840332,21.74868172589273,21.386472519077195,21.491111096356097,4056734
2010-03-05,22.43285751342773,22.55359447200877,21.77283086978512,21.813077608575497,5902343
2010-03-08,22.457000732421875,22.505295834060828,22.191381745644605,22.505295834060828,2988731
2010-03-09,22.61798667907715,22.8111638472698,22.126990501942203,22.41675788312613,5110094
2010-03-10,22.61798667907715,22.69042852437313,22.287972561366047,22.601886681350315,3624907
2010-03-11,22.80310821533203,22.81920657903716,22.33626055456656,22.48919419531808,3898432
2010-03-12,23.10093116760254,23.18142137697943,22.762868704650973,22.85140891230245,4895985
2010-03-15,23.03653717041016,23.092880641465037,22.730671449758837,23.068733904982885,2623110
2010-03-16,23.181419372558597,23.181419372558597,22.87555367136292,23.03653570509194,3046662
2010-03-17,23.117033004760746,23.25386670701701,22.94800093346848,23.14922811600658,3038492
2010-03-18,23.133129119873047,23.245817707316505,22.923853572410987,23.149227489507822,2893878
2010-03-19,23.390703201293945,23.712667360922914,23.29411460496332,23.390703201293945,3840820
2010-03-22,23.785104751586918,23.946086801189512,23.10897981747703,23.10897981747703,4167184
2010-03-23,23.946083068847656,24.02657489555057,23.68851248118753,23.84144450858117,4995082
2010-03-24,23.881696701049805,23.96218691727609,23.672419532629497,23.833401593977047,4004745
2010-03-25,24.26804542541504,24.81538492213957,24.227800329317574,24.42902743869937,18396997
2010-03-26,25.0246696472168,25.14540497226888,24.30829792254153,24.37269139901863,8491926
2010-03-29,25.177600860595703,25.3224845488834,24.976373696740005,25.0649139094597,5852582
2010-03-30,25.580059051513672,25.74104112243833,25.12930957870365,25.1776030597545,5973961
2010-03-31,25.370784759521484,25.69274893803168,25.314441272616488,25.443226618241518,4164213
2010-04-01,25.700794219970703,25.829579541951997,25.45932031597269,25.491517053691755,3940660
2010-04-05,26.111291885375977,26.368864108523056,25.837622925370933,25.837622925370933,3836576
2010-04-06,26.320571899414062,26.401063737009448,25.90201923060253,25.94226433495281,3601989
2010-04-07,26.038854598999023,26.48960400386886,25.861772555888404,26.32862195720857,11823572
2010-04-08,26.44935607910156,26.5378962822211,25.79737955249885,25.990558325568276,10621777
2010-04-09,26.642534255981445,26.642534255981445,26.223981614442756,26.505700584327588,3369418
2010-04-12,26.54594993591309,26.77937384375745,26.336672767192283,26.63449015122612,3054407
2010-04-13,26.851816177368164,26.97255313296724,26.417165091885497,26.537900418589565,3892066
2010-04-14,27.294517517089844,27.334764255262392,26.87596316813949,26.996700124867093,3827770
2010-04-15,27.3911075592041,27.664774952102597,27.15768201753625,27.18183038606465,4454927
2010-04-16,27.270368576049805,27.527940853589037,26.964502819949143,27.28646857409693,7329919
2010-04-19,27.270368576049805,27.399153900371925,26.72303054045704,27.09328977316625,4832961
2010-04-20,27.51184844970703,27.713075652483404,27.29452124634588,27.4152582195698,5527598
2010-04-21,27.906251907348636,27.946498649653435,27.42330728864289,27.495747515443085,5451100
2010-04-22,29.63681030273437,29.80584075981918,27.680878530404843,27.970645959061777,11144107
2010-04-23,30.24048614501953,30.2565828827947,29.4677710604431,29.773635140487063,7544453
2010-04-26,30.08755874633789,30.650996810520574,30.07950874687796,30.168048967566804,6864882
2010-04-27,29.01702690124512,30.071459579217784,28.97678341841257,29.982919356079847,9566400
2010-04-28,28.888246536254883,29.24240746976602,28.421398625315767,29.145817235774636,7269123
2010-04-29,30.320987701416016,30.70734538835354,29.218261388385987,29.26655487758167,6271783
2010-04-30,29.588512420654297,30.40147110013235,29.52411894434535,30.377324360963986,5403779
2010-05-03,30.329029083251957,30.361229080744767,29.652904065075504,29.79779102263271,3181727
2010-05-04,29.105562210083008,29.934620819283055,28.97677852585688,29.934620819283055,4792961
2010-05-05,28.38114356994629,29.210202172259063,28.131619686310938,28.70310766452149,5120068
2010-05-06,27.608428955078125,28.88018861838907,25.797381296518594,28.268457153059032,7487689
2010-05-07,26.83571434020996,27.632577818410965,26.135442694459243,27.39110393841704,7393366
2010-05-10,28.8157958984375,28.96872958320705,28.139670943794584,28.16381768185508,6115392
2010-05-11,28.65481948852539,29.08947060789571,27.882104215562418,28.220165111364803,4483680
2010-05-12,29.54826545715332,29.5643654550022,28.654816568028505,28.71920678605422,3652811
2010-05-13,29.00092887878418,29.878281071730893,28.89628866090268,29.43557997559401,3929307
2010-05-14,27.857948303222656,28.78359371987261,27.5601309886063,28.759446986377345,4667976
2010-05-17,28.11552619934082,28.421393590568265,27.31061586980943,27.914299024181727,4892695
2010-05-18,27.608428955078125,28.888238616795835,27.50379200694906,28.469684308700124,4034134
2010-05-19,27.14909553527832,27.80989435258965,26.31101117939657,27.44726061663148,5725899
2010-05-20,25.98061180114746,26.85898819665154,25.94031807910305,26.335184487243517,8437072
2010-05-21,26.54469871520996,26.62528450647466,25.20698762658505,25.46485889703981,5895022
2010-05-24,26.004791259765625,26.713938386287587,25.98061632696498,26.28683920922624,3441035
2010-05-25,25.98866844177246,26.061194855196792,24.88465344765043,25.166701335765715,9581148
2010-05-26,26.012845993041992,26.88316467271319,25.91614464232149,26.3271282367778,5781283
2010-05-27,27.41502952575684,27.431145060513888,26.464126542856,26.60112000386912,3180878
2010-05-28,26.955686569213867,27.58424932039091,26.64946377406589,27.39890278565653,3504377
2010-06-01,26.496360778808597,27.09269104647485,26.43189374365344,26.585004379094283,3857266
2010-06-02,26.99598503112793,26.99598503112793,26.14984285443401,26.53665154533244,4096839
2010-06-03,27.697071075439453,27.76959912333843,27.020158392749455,27.05239108750872,5028079
2010-06-04,25.93226623535156,26.979872262613945,25.67439320472227,26.81064283145145,5348501
2010-06-07,25.053884506225582,26.214308829317897,24.997473620197542,25.964495248438325,5771416
2010-06-08,25.9000301361084,25.97255656428924,24.53008413709711,25.037770765159827,6846209
2010-06-09,26.198198318481445,27.132984227210667,26.012851711890622,26.061203213279143,6341809
2010-06-10,26.923458099365234,27.07657034561694,26.37547940269205,26.38353880028254,4776622
2010-06-11,26.85093688964844,26.86705242538685,26.2626643880991,26.52859518973759,2874037
2010-06-14,27.374731063842773,27.81794896295884,27.00404121257897,27.06850823285256,6114013
2010-06-15,28.32564163208008,28.36593536310154,27.568142972352668,27.713195837798477,4527075
2010-06-16,28.46261978149414,28.704375514331293,28.108045576424217,28.108045576424217,5314337
2010-06-17,28.39816665649414,28.57545711742123,27.98718299091216,28.462635321996004,5121978
2010-06-18,28.446508407592773,28.87360743791033,28.277280674538236,28.51097704730668,5362931
2010-06-21,28.406227111816406,29.324897475408505,28.16447123798785,28.921973193423604,4550841
2010-06-22,27.45531463623047,28.510978048438147,27.334435117124187,28.3095127268598,5387334
2010-06-23,27.17327117919922,27.672898373123235,26.818696831150337,27.487551801663106,4891528
2010-06-24,26.319068908691406,27.326380972879488,26.22236593291228,27.08462679502485,5632425
2010-06-25,26.35936546325684,26.48024175725366,25.67439164329057,26.335188899819983,11078538
2010-06-28,25.964496612548828,26.7139357637646,25.932262284781185,26.520533058752164,3266501
2010-06-29,24.69125366210937,25.577689578488165,24.522025876689867,25.392344628152973,5626907
2010-06-30,24.12715530395508,25.16670166378408,24.07880381744315,24.69124945674144,5016408
2010-07-01,24.27221298217773,24.45755793797645,23.4502457012321,24.10298356097294,6960372
2010-07-02,23.81287384033203,24.610666054405456,23.63558668164905,24.44143666166416,4352116
2010-07-06,23.57111930847168,24.449494061187764,23.321305736871054,24.15133063306845,4980122
2010-07-07,24.779890060424805,24.796007220661863,23.595291013973547,23.595291013973547,4609302
2010-07-08,24.723482131958008,25.09417357556358,24.32861576210727,25.053881488222835,4791476
2010-07-09,25.09417533874512,25.22311100577271,24.7234838690938,24.77989312149359,2805602
2010-07-12,24.95718002319336,25.255345075206066,24.62678227784664,24.62678227784664,5087177
2010-07-13,25.682453155517575,25.96450112632173,25.231175749912136,25.255352315339174,4879751
2010-07-14,25.9161434173584,26.125664903278945,25.44875058784073,25.617978351301986,6981168
2010-07-15,25.51321220397949,25.940312851363444,25.04581947346777,25.81137720687681,7582330
2010-07-16,24.42531967163086,25.4648660716584,24.352794885253285,25.30369770531277,5908179
2010-07-19,24.93301010131836,24.949127266619488,24.215801953207112,24.522026463131706,5064896
2010-07-20,25.42457771301269,25.480988606472064,24.425323257856927,24.425323257856927,4325167
2010-07-21,24.78795623779297,25.601867398206064,24.59455351090306,25.601867398206064,3972702
2010-07-22,25.81944274902344,26.004789322678207,25.15864716812206,25.15864716812206,3988830
2010-07-23,26.70587730407715,26.71393507041157,25.56157011360302,25.811383701123333,4992960
2010-07-26,27.29414939880371,27.447261643822376,26.52053366857505,26.75423010406909,4509462
2010-07-27,27.060453414916992,27.3989089775181,26.78646487961272,27.3989089775181,4323681
2010-07-28,27.13297462463379,27.50366607582772,26.875103303418467,27.084624771153702,4168457
2010-07-29,27.20550537109375,27.5600797173668,26.875107586209964,27.286089560266685,4141932
2010-07-30,27.326379776000977,27.42308274754457,26.64140773281816,26.802577721260967,4568666
2010-08-02,28.46261978149414,28.53514780598214,27.66483108167896,27.83405879002811,4940547
2010-08-03,28.16446304321289,28.57544986609652,27.78571380649349,28.42233763978193,5126752
2010-08-04,28.72051048278809,28.784975887815587,28.1000020127518,28.30146741134243,3191912
2010-08-05,28.48681259155273,28.768862210847768,28.309525377685294,28.414287783112886,2899076
2010-08-06,28.34980773925781,28.35786713527157,27.7131872092146,28.156405066077877,3332177
2010-08-09,28.72051048278809,28.76886035195721,28.406226548406853,28.519045084197455,1910224
2010-08-10,28.067760467529297,28.349806701760045,27.76153604614212,28.204753886785262,3246660
2010-08-11,27.04433250427246,27.503667552571397,26.87510474641296,27.479492624533336,3513183
2010-08-12,27.08462142944336,27.34249271884243,26.423822784916183,26.512467977217675,4039227
2010-08-13,26.979867935180664,27.34250004265459,26.81869629764037,26.915399280164547,2783746
2010-08-16,27.22968101501465,27.31832459859618,26.633350859721915,26.721994443303448,2425022
2010-08-17,27.980003356933597,28.391473946514115,27.399104469398317,27.568532767353076,3567506
2010-08-18,27.99613571166992,28.29465407836495,27.60080304855548,27.915456042834432,2668733
2010-08-19,27.084453582763672,27.947736404423956,26.77786944899098,27.818646285703554,3904586
2010-08-20,27.084453582763672,27.14899864212387,26.44707846886409,26.850480191677075,3337163
2010-08-23,26.737525939941406,27.33456116276366,26.689118781826963,27.3022902682638,2105661
2010-08-24,25.825836181640625,26.3179881430332,25.527319384791983,26.24537577269388,4787232
2010-08-25,25.946857452392575,26.043673402342986,25.382093118282143,25.688678864642636,4519648
2010-08-26,25.753223419189453,26.624573482723697,25.64833852302309,26.027536632658133,3889308
2010-08-27,26.382530212402344,26.576163734288524,25.212663398736783,25.90651617185842,5008132
2010-08-30,25.54344940185547,26.342186964041183,25.54344940185547,26.342186964041183,2599026
2010-08-31,25.801637649536133,26.067881971041253,25.27721305813605,25.4385757268204,4158059
2010-09-01,27.10865974426269,27.14899959140862,26.132424667316705,26.229242259742303,3919546
2010-09-02,28.004207611083984,28.044549082484483,27.01990542458208,27.01990542458208,4116043
2010-09-03,28.52057266235352,28.70613893201112,28.10103621617828,28.335009658155457,3468409
2010-09-07,28.060688018798828,28.35920646279055,27.9558047487006,28.29466140482605,3142788
2010-09-08,28.456024169921875,28.568976389107416,28.028415608195157,28.028415608195157,3128995
2010-09-09,28.649658203125,29.061128898067555,28.52863702632319,28.84329339219151,3152019
2010-09-10,28.649658203125,29.036925315799,28.52863702632319,28.71420326614717,2522209
2010-09-13,29.190208435058597,29.246684528350944,28.86748650247752,28.98850763537765,2928042
2010-09-14,29.20635414123535,29.6016902097046,28.859428503564647,29.093401911803877,4212064
2010-09-15,28.99657821655273,29.101464740005284,28.706128754690635,29.02078179413151,3419073
2010-09-16,28.480222702026367,29.01271443990546,28.447950178628403,28.85135182291564,4179597
2010-09-17,28.738401412963867,29.05305445386111,28.407610476633824,28.585107733644247,8177870
2010-09-20,29.36770820617676,29.62588512152296,28.80294395885449,28.88362363262678,3832120
2010-09-21,29.093395233154297,29.48066226334665,28.964305134604068,29.36771005984437,4024585
2010-09-22,28.439891815185547,29.278971204875614,28.399553595020063,29.04499777226193,5116248
2010-09-23,27.899333953857425,28.512508927632997,27.84286109259467,28.141376362930963,3357428
2010-09-24,29.222488403320312,29.375778829638367,28.423750681865588,28.464088892808796,4326758
2010-09-27,28.98044776916504,29.278966221788927,28.915902709334112,29.278966221788927,3109685
2010-09-28,29.295101165771484,29.375780858689296,28.32693505438109,29.02885524022971,3849308
2010-09-29,28.940114974975582,29.29510964511632,28.794890179505277,29.149884849646003,2303325
2010-09-30,28.90782928466797,29.57747682944932,28.641583403182608,29.117599063910223,2928360
2010-10-01,29.27089500427246,29.3112364799048,28.811013937714844,29.166011739270445,3262257
2010-10-04,29.609743118286133,29.609743118286133,29.02884432300915,29.1417965037066,4668612
2010-10-05,30.505311965942383,30.55371913232176,29.69850517837829,29.795322776596176,6101917
2010-10-06,30.54564666748047,30.585984875355653,30.029289523735702,30.577919193055667,6547749
2010-10-07,28.77874565124512,29.8679328756512,28.343068149115712,29.15794377939139,13263031
2010-10-08,29.182144165039062,29.367710367283053,28.73840102845019,28.802946078401003,5714970
2010-10-11,28.77874565124512,29.21441988791581,28.560906900180417,29.15794377939139,3442415
2010-10-12,28.85135078430176,28.996575501635576,28.334996959438865,28.58510492494674,3556790
2010-10-13,29.04498672485352,29.21441502220822,28.786806539789385,29.149869975942188,6004836
2010-10-14,28.988506317138672,29.222479625983677,28.74646406234517,28.932026960956858,5508712
2010-10-15,28.72226905822754,29.246691923084636,28.601247894728417,29.23055402637346,5868073
2010-10-18,28.63351821899414,28.811012210946046,28.456020961583825,28.71419789996472,3366129
2010-10-19,28.262386322021484,28.78680915604271,28.0768233789647,28.335000322034748,4028193
2010-10-20,29.069189071655277,29.4483871206112,28.30272402693681,28.34306223005376,4342461
2010-10-21,29.23055076599121,29.529069167264417,28.91589773526516,29.157940035265952,4860653
2010-10-22,30.085769653320312,30.343949892472573,29.2870351511843,29.48066706508964,3825436
2010-10-25,30.311677932739254,30.70701071682434,30.182587810734955,30.279405402238183,2960508
2010-10-26,30.473033905029297,30.852232014101,30.41655779934576,30.59405506448218,4006124
2010-10-27,30.424644470214844,30.45691701589873,30.06158078036649,30.206805603213745,3886125
2010-10-28,30.27133560180664,30.70700985312859,29.8195234529586,30.698940904365543,4070420
2010-10-29,29.89213180541992,30.41655459753989,29.52906836527924,30.10190157535955,7632622
2010-11-01,30.198715209960938,30.46495777948098,29.972807574991467,30.142235852125232,4504582
2010-11-02,30.610191345214844,30.6182602937356,30.126109946767823,30.464966599134865,3519761
2010-11-03,30.67474174499512,30.739286813485343,30.190660262237014,30.68281069492122,3788725
2010-11-04,31.5864200592041,31.9091420156524,30.755409960075877,30.755409960075877,6079530
2010-11-05,31.909128189086918,32.27219145731884,31.42504709690101,31.610609937268222,5686960
2010-11-08,31.844594955444336,31.941412515887503,31.43312440538322,31.804256754353087,3168252
2010-11-09,31.10235023498535,31.93335737532272,30.876442496283985,31.771997970281024,4310949
2010-11-10,31.618698120117188,31.731650334841486,30.892574407276232,31.037799149844425,3008041
2010-11-11,31.570301055908203,31.83654704666037,30.868380698141493,31.263713576087028,2904806
2010-11-12,31.094268798828125,31.893006349782173,30.900636937441373,31.28790066021488,3221196
2010-11-15,30.900636672973636,31.44119405017494,30.86836415210905,31.27983471130999,2255474
2010-11-16,30.397666931152344,30.93947281454003,30.227848349068545,30.721132299732083,3722837
2010-11-17,30.55939102172852,30.76155640029049,30.00141025656492,30.37339743334065,2444544
2010-11-18,31.311447143554688,31.610653089577838,31.01224119753154,31.01224119753154,2773878
2010-11-19,31.54595375061035,31.58638812930791,31.03649498012736,31.230576070301208,2830324
2010-11-22,31.65915870666504,31.69150554749039,31.028403493015503,31.32760931591656,2266614
2010-11-23,31.214405059814453,31.335704938667543,30.907114869968527,31.14162709629007,1706300
2010-11-24,32.09585189819336,32.20097671700831,31.489352488171107,31.497440019765857,2249108
2010-11-26,31.853240966796875,32.00688437535628,31.6349006011407,31.845153438037524,680738
2010-11-29,31.651084899902344,31.748122181434585,31.085019908055244,31.59447545503653,2342582
2010-11-30,31.707683563232425,31.901761353317205,31.24674349319144,31.327612239290143,3100773
2010-12-01,32.52442932128906,32.52442932128906,32.03114572661484,32.338435804863565,4594024
2010-12-02,32.76703643798828,32.92068314852152,32.354618215123566,32.52443671324935,3200294
2010-12-03,33.14710998535156,33.15519751616728,32.52443884509805,32.59721680350283,2318603
2010-12-06,33.15518951416016,33.268401826340835,32.82363683350381,32.96919598816156,2430008
2010-12-07,33.06624221801758,33.55952592315019,32.985373461389685,33.49483222703933,2755099
2010-12-08,33.41395568847656,33.43012747066456,32.79937232471395,33.06623127814769,2553297
2010-12-09,33.72935104370117,33.882997783889394,33.502926335831766,33.59996362607334,2344810
2010-12-10,33.931514739990234,34.14985517812397,33.73743689618846,33.794043070338105,2332184
2010-12-13,33.777862548828125,34.11750281181808,33.71317212666783,33.988115421540265,2555843
2010-12-14,33.62421417236328,33.85063879909333,33.51099858602013,33.73742648572831,2020144
2010-12-15,33.08241653442383,33.907253040442264,33.05006968389576,33.57570027726376,2390221
2010-12-16,33.36546325683594,33.53528512113506,32.94496054590123,33.211816461984576,3204432
2010-12-17,33.68082046508789,33.729339093017984,33.22796793682051,33.38161462256999,2994036
2010-12-20,34.40053939819336,34.513751747157826,33.67274338843668,33.802127527405,2956477
2010-12-21,34.271148681640625,34.48139827623381,34.04472075419034,34.40053279577655,2489530
2010-12-22,34.125587463378906,34.408618264514025,33.96385323917431,34.23071225437814,1671818
2010-12-23,34.03665542602539,34.238820876088035,33.92344303582873,34.13369274734804,1165402
2010-12-27,33.78595733642578,33.93960407714043,33.567616886675566,33.93960407714043,1288160
2010-12-28,33.82638168334961,33.89107210020614,33.53526335207104,33.81020662440172,1483384
2010-12-29,33.76170349121094,34.09325634907419,33.76170349121094,33.85874407050795,1202644
2010-12-30,33.52717971801758,33.74551685535526,33.454398490252544,33.713173279658264,1714788
2010-12-31,33.59186935424805,33.85872836882648,33.38161649976397,33.49482881995271,1796061
2011-01-03,33.95576858520508,34.077068445386004,33.73743145526229,33.88299063288368,2777168
2011-01-04,33.28458404541016,34.09324881488734,33.05007181866822,33.98003646721594,3297164
2011-01-05,33.61613082885742,33.70508383943066,33.00963481475545,33.09858455235016,2201787
2011-01-06,33.05006408691406,33.74551307304693,32.888329861663195,33.6323007518605,2548416
2011-01-07,33.00154113769531,33.608037038826986,32.61338232086076,33.106665915619416,3162523
2011-01-10,32.77511215209961,32.944933878938144,32.43547524437815,32.83171830338652,2237437
2011-01-11,32.944950103759766,33.30076224306759,32.7266096462829,33.01772807426577,2095793
2011-01-12,33.009639739990234,33.34927677304836,32.84790548164421,33.284583069709946,2120409
2011-01-13,33.26031875610352,33.34927176659529,32.94494109089761,32.94494109089761,2996264
2011-01-14,33.874900817871094,33.907247663269445,33.12284566305002,33.12284566305002,1802639
2011-01-18,33.486751556396484,34.03664481300333,33.39779852426708,33.850651216829306,2066934
2011-01-19,33.03388977050781,33.51908586313807,32.82363693027606,33.46247970688085,2214625
2011-01-20,32.45975112915039,32.928775635274015,32.31419191252511,32.88025698739208,3957954
2011-01-21,32.1928825378418,32.953025253325734,32.0230640472934,32.74277238613217,3653129
2011-01-24,32.55677795410156,32.56486548299424,31.9017601193128,32.136272273375674,2843268
2011-01-25,32.24140548706055,32.54060810118803,31.86133411702752,32.427395770494606,3001357
2011-01-26,32.063499450683594,32.67808634780961,31.974549701497363,32.36270536823732,4783731
2011-01-27,32.50826644897461,32.62148207074106,31.98263581647405,32.19288872407011,2665444
2011-01-28,31.214405059814453,32.637653480512974,31.16588641746486,32.26566958554818,3135892
2011-01-31,31.934120178222656,32.047332537662044,31.24675521636707,31.28718960458662,3482839
2011-02-01,32.6457405090332,32.718518471436546,31.990722482507856,31.990722482507856,2848255
2011-02-02,32.50017547607422,32.694253280616905,32.36270056125211,32.443569313375164,3189897
2011-02-03,32.37078094482422,33.05005802023282,32.120097032923944,32.58103376256709,4284530
2011-02-04,32.346534729003906,32.500181458747015,32.03924126951769,32.46783460653904,2867353
2011-02-07,32.31417465209961,32.645727296807884,32.15244045725006,32.46782131896225,3753181
2011-02-08,32.14436721801758,32.39505121472085,31.73194897103892,32.37887942618274,5534600
2011-02-09,32.103939056396484,32.62956974390394,31.934120515444132,32.07159220007516,3758911
2011-02-10,32.346534729003906,32.386969112508645,31.820904108337707,31.93411645457608,2244439
2011-02-11,33.333099365234375,33.36544621462749,31.998807374417726,32.112019710804226,2782048
2011-02-14,33.15518951416016,33.55952013565633,32.88024298959415,33.219879926136194,3553607
2011-02-15,33.52717971801758,34.594615905380024,33.43013917199043,34.37627549506363,6524620
2011-02-16,33.47866439819336,33.899166926679015,33.179458473034984,33.187542731270774,3781510
2011-02-17,33.12284851074219,33.33309811443981,32.71851454498994,33.26032016077033,2830324
2011-02-18,33.09049987792969,33.31692452999479,32.896418799320884,33.122846724364486,2565498
2011-02-22,31.562131881713867,32.64573995184154,31.400397624168463,32.57295871770136,5586165
2011-02-23,31.04180908203125,31.909032373628456,30.65277283217037,31.568627705235496,5020228
2011-02-24,31.17957305908203,31.21199300080702,30.65275474670641,31.01747335045708,3799653
2011-02-25,31.860382080078125,31.925221957026935,31.203884066626284,31.30924640638744,2732075
2011-02-28,31.779335021972656,31.965745574466,31.63344693375535,31.965745574466,3740449
2011-03-01,30.75001716613769,31.909019643010183,30.57171237314788,31.86849716839325,5260862
2011-03-02,30.82295799255371,31.11473419728454,30.385293685457462,30.677069890188296,4026495
2011-03-03,31.39030647277832,31.447040560522293,31.066110279794845,31.122844367538814,3426924
2011-03-04,30.798646926879883,31.398411007733724,30.531184832475468,31.325465309089346,4079863
2011-03-07,30.75812721252441,31.08232345601889,30.506876681994623,31.00938102342984,3568992
2011-03-08,31.57670783996582,31.69017926266244,30.67706522557052,30.87968737691407,3347455
2011-03-09,31.779335021972656,31.84417162088919,31.20388519373404,31.414613161242222,2541413
2011-03-10,31.19577980041504,31.53618753099729,31.12283739553095,31.22819974048832,2438496
2011-03-11,30.92022132873535,31.22820589961359,30.76622740310871,31.001269554716465,3357535
2011-03-14,30.741914749145508,30.879697068010085,30.43392688300681,30.620340764110505,3527825
2011-03-15,30.344770431518555,30.514972684874746,29.55048996881473,29.769323780540503,4974286
2011-03-16,29.97195053100586,30.50687479168232,29.720696735668994,30.190781095589134,5210253
2011-03-17,30.093515396118164,30.579807943525346,29.947627303858564,30.579807943525346,3092391
2011-03-18,30.77433013916016,30.8634874528345,30.39339986604049,30.604127879327443,4057582
2011-03-21,31.30115127563477,31.382199500777915,30.92832353530127,31.26062552287569,2347144
2011-03-22,29.97195053100586,31.23631547425229,29.89090229524818,31.23631547425229,4632432
2011-03-23,30.12594223022461,30.198884652858226,29.37218418075945,29.801746030977547,3404643
2011-03-24,30.150257110595703,30.46634751051114,29.93142327657716,30.320459381290533,3253132
2011-03-25,30.523069381713867,30.668957452532403,30.142139236778032,30.20697910833604,2951702
2011-03-28,28.610315322875977,30.320449860888075,28.32664168041413,29.78552579491639,18056204
2011-03-29,28.975040435791016,29.137136866566625,28.731892509253,28.91020055133093,7179681
2011-03-30,29.039878845214844,29.534280534677787,29.01556470712441,29.43702070194125,5053861
2011-03-31,28.837255477905277,29.1371374896652,28.650841626189717,29.023669329620837,3687612
2011-04-01,28.69948959350586,29.24251656717663,28.577915558110888,29.015580117306847,5529189
2011-04-04,28.56169319152832,28.780527028983517,28.44012248224801,28.75621288712745,4204425
2011-04-05,28.4725341796875,28.66705384132249,28.213177911215592,28.26991199243211,4479754
2011-04-06,28.78053092956543,28.804845074716752,28.38339223788374,28.57790867947007,3722094
2011-04-07,28.399587631225582,28.78862361746828,28.3509593630856,28.6751554715588,4231374
2011-04-08,28.01865768432617,28.50495021091933,27.824141329763773,28.42390200321618,4203470
2011-04-11,27.702579498291016,28.148346475874785,27.605319638270107,28.018669942889304,3693872
2011-04-12,27.824146270751957,28.042976798447608,27.45131854443733,27.45942271057192,3900979
2011-04-13,27.710676193237305,28.03487237802119,27.637733773857825,27.92951001212582,3657479
2011-04-14,27.60531234741211,27.71878051394715,27.467528402199967,27.52426412565492,2985017
2011-04-15,27.637733459472656,27.7998299098332,27.402689669999862,27.775515770316616,4378217
2011-04-18,28.269916534423828,28.32665062475554,27.191965537746,27.22438384637295,7074430
2011-04-19,28.30233764648437,28.683267960243214,28.11592703360797,28.25370936145147,4912642
2011-04-20,28.594114303588867,28.89399638621756,28.496857732209637,28.723794105928448,5699904
2011-04-21,29.072309494018555,29.64775961579126,28.472545225202843,28.4887568434822,7248752
2011-04-25,28.740005493164062,29.501866124920003,28.63463983450607,29.48565450956858,5094179
2011-04-26,28.594114303588867,28.96694209512744,28.472540308989373,28.780528199358155,4137900
2011-04-27,28.52116584777832,28.893990280153783,28.42390601657721,28.756207979566607,4432752
2011-04-28,28.74810028076172,28.869674241664978,28.45632408674371,28.45632408674371,3638381
2011-04-29,28.610315322875977,28.75620340628878,28.456321434725176,28.72378346771102,2823003
2011-05-02,28.77241516113281,28.885886599852387,28.683261139522543,28.77241516113281,3582573
2011-05-03,28.626522064208984,28.89398408236006,28.44821405210827,28.73999348312457,3467560
2011-05-04,28.423908233642575,28.772418555495264,28.261808502330275,28.64274205082044,2964434
2011-05-05,28.78053092956543,29.177672901622888,28.0916126549406,28.17266417927935,3840926
2011-05-06,29.412708282470703,29.955734999469403,28.98314645639897,29.129034573840784,6152527
2011-05-09,29.46133041381836,29.680164184504697,29.291128192381382,29.37217640063123,3983100
2011-05-10,30.117826461791992,30.1988746647036,29.55858828506593,29.60721655073808,3798062
2011-05-11,29.44513320922852,30.06920825695107,29.3154534027339,29.963845874455863,6910930
2011-05-12,29.63964462280273,29.761218600724096,29.161454517745383,29.28302849566674,3905329
2011-05-13,29.58290672302246,29.74500315243513,29.33975879852888,29.69637487968625,3658965
2011-05-16,29.031774520874023,29.558592841570512,28.983142967331148,29.396493130385267,3876576
2011-05-17,29.072309494018555,29.177675171706294,28.780533168750377,28.91021299348113,3687718
2011-05-18,29.72250366210937,29.763142706548333,29.04791657751356,29.137319843642903,3712015
2011-05-19,30.193904876708984,30.25079757042147,29.69812427883774,29.77939908563475,4057688
2011-05-20,30.202022552490234,30.4946143840474,30.096362380817357,30.177640448117906,3777266
2011-05-23,29.50306701660156,29.811912628941283,29.478681611547888,29.722509345716038,3413449
2011-05-24,29.681869506835938,29.9825899324004,29.58434104739037,29.624976808977365,3268623
2011-05-25,29.83629035949707,30.07198959067397,29.519316325390868,29.53556997015849,3604854
2011-05-26,30.730314254760746,30.860353244276585,29.893174484784293,29.893174484784293,4373760
2011-05-27,30.77095603942871,31.30737226463244,30.61653164162925,30.88474139900359,4305962
2011-05-31,30.730314254760746,31.055416662867323,30.47023298618441,31.006652452991965,3433820
2011-06-01,29.950075149536133,30.624662250652595,29.933821505089764,30.624662250652595,4324742
2011-06-02,30.120763778686523,30.29957035848104,29.746893681181813,29.90944661260697,3326235
2011-06-03,29.46242332458496,29.893182736171823,29.340509476700145,29.69812255328345,3598275
2011-06-06,29.4055290222168,30.063859159342478,29.30799729134636,29.42178266592252,5159219
2011-06-07,28.885366439819336,29.641231685267904,28.86098432665243,29.51118936231674,5193701
2011-06-08,28.26767349243164,28.779711054427047,28.080738465606377,28.76345411841828,6304250
2011-06-09,28.12137222290039,28.373328367244092,27.942565697735606,28.33268932441744,4267024
2011-06-10,27.50367927551269,28.09699156796049,27.446786586336508,28.031970411888995,4437633
2011-06-13,27.44679069519043,27.706872068865763,27.186707676742103,27.609340320157774,4273920
2011-06-14,28.13762855529785,28.1945212403137,27.666226853024,27.747504936942565,4401877
2011-06-15,27.21109390258789,27.99946656318035,27.21109390258789,27.804406337631026,4455139
2011-06-16,27.10542678833008,27.324870706573225,26.78032432172409,27.170446294787705,3900873
2011-06-17,26.9428768157959,27.4711696145816,26.75594345300883,27.33300047570337,4336201
2011-06-20,26.918502807617188,27.21109646301908,26.80471739121124,26.80471739121124,3041569
2011-06-21,27.88568115234375,27.918191738187023,27.032287320209974,27.162328018809948,4213868
2011-06-22,27.93443489074707,28.30830484270037,27.67435359126545,27.74750320431546,3343105
2011-06-23,27.828781127929688,27.8531632385108,27.202958271802583,27.51993228844785,4180128
2011-06-24,27.60121154785156,27.86129288766372,27.45491394383785,27.836910776047823,2360831
2011-06-27,27.69873809814453,27.78814136097958,27.194830742351023,27.528060038971795,2356693
2011-06-28,28.909746170043945,28.926003103845712,27.804399674252423,27.836910252310467,4193496
2011-06-29,28.61715316772461,29.259232947997653,28.511496260217022,28.9910231563876,4977363
2011-06-30,28.8447265625,28.95038346765242,28.6252809962396,28.78783058717336,3843791
2011-07-01,29.92570304870605,29.98259575761812,28.844738289830136,28.94226676822418,3703314
2011-07-05,29.77940368652344,30.023231434131368,29.34051571455691,29.868806974676595,3874348
2011-07-06,29.763139724731445,29.86066815834135,29.64122589317395,29.779393367151396,3226713
2011-07-07,30.51901054382324,30.72219922656317,30.055740478758054,30.063865657594462,3951695
2011-07-08,30.210161209106445,30.218286386942022,29.746887911559654,30.006969261848948,3078916
2011-07-11,29.641225814819336,29.90943558562781,29.50305834120713,29.73062907175549,4109571
2011-07-12,29.92570304870605,30.332080480805576,29.53557926649,29.58434679523365,5818418
2011-07-13,30.18578338623047,30.803481271388968,30.13701914879017,30.584035623814604,7257771
2011-07-14,28.194522857666016,29.340508379567535,27.59308210780281,29.137319737205885,21593472
2011-07-15,28.3977165222168,28.3977165222168,27.84503989612396,28.15388879244325,9931384
2011-07-18,27.828781127929688,28.30017956431588,27.780016906767464,28.20264783244602,7048860
2011-07-19,27.918184280395508,28.121372920478453,27.885673703236787,28.02384118900229,7083979
2011-07-20,27.8369083404541,28.137628699678224,27.788140831943675,28.07260754802783,5313276
2011-07-21,28.324562072753903,28.519625539233548,27.966949007086686,28.04009862940292,4020023
2011-07-22,28.53587913513184,28.690303556781004,28.25954086952519,28.316433558099284,2552766
2011-07-25,28.26767349243164,28.3814588863093,28.113249048077986,28.283930428440414,3014725
2011-07-26,27.84503555297852,28.235159201857225,27.79627133044824,28.210777090592085,5600807
2011-07-27,27.129812240600582,27.950696974555356,27.05666425883955,27.89380428260486,7835485
2011-07-28,26.59339141845703,27.284233802943152,26.560880840294043,27.18670371322694,6001547
2011-07-29,26.41458511352539,26.479606270418,25.74812483446721,26.268289155289786,8687999
2011-08-01,26.024463653564453,26.764073618805103,25.951317313058837,26.731563037620678,6516450
2011-08-02,24.75656509399414,25.926934548060927,24.740309802779176,25.7725117486782,7101485
2011-08-03,25.30111312866211,25.439282289989126,24.187636303877824,24.585888495657287,15403068
2011-08-04,23.83814811706543,24.88660361838366,23.78125542513873,24.85409303877617,12438421
2011-08-05,23.976322174072266,24.715930610312945,23.407391848607208,24.35019062667007,15760306
2011-08-08,22.358932495117188,23.25296524833481,22.269529219795423,23.04977493956624,13873424
2011-08-09,22.99288558959961,23.10667263959702,21.74124119781315,23.025396175313155,15773250
2011-08-10,21.79812812805176,22.724669706891067,21.700598041511245,22.37518511495048,11767551
2011-08-11,22.86284828186035,23.17169560239188,21.83877454866211,21.968815266026954,6701170
2011-08-12,22.93598747253418,23.25296314125373,22.59462969267187,22.911605361391423,5226274
2011-08-15,23.423643112182617,23.423643112182617,22.846586061806715,23.14730646594312,3761776
2011-08-16,23.293148040771484,23.48073393876581,22.9750703319546,23.18712323816569,5606112
2011-08-17,23.603073120117188,23.73356658607953,23.301305639048195,23.45626611409728,7604399
2011-08-18,21.849559783935547,22.942446436867048,21.62119664041235,22.763017309527545,8768635
2011-08-19,21.40098571777344,22.14317084244893,21.30311604061274,21.44992138160361,6323136
2011-08-22,21.29496192932129,22.05345732732373,21.20524736663821,21.939274106318177,6064464
2011-08-23,22.20026206970215,22.216573957972287,21.311273236727786,21.392831027578804,7945935
2011-08-24,23.19527816772461,23.211590056568973,21.99636671641174,22.10239316865025,5553274
2011-08-25,22.24920082092285,23.43995562582717,22.19210837880766,23.33393081311301,4477526
2011-08-26,22.444936752319336,22.787483074607987,21.62934901315624,22.012675877752717,4704156
2011-08-29,23.71725273132324,23.71725273132324,22.76301634901026,22.844575790041127,3760078
2011-08-30,23.709096908569336,23.90483792435882,23.22790196402407,23.578603448209588,4146600
2011-08-31,23.88037109375,24.361566041870468,23.676473306767004,23.95377376890396,3991058
2011-09-01,23.4481143951416,24.239233726176646,23.30130901833098,23.92115430942028,4301825
2011-09-02,22.24920082092285,22.991384412921388,22.208420269340586,22.852734168641472,3735463
2011-09-06,21.66197395324707,21.69459772865023,21.14815361689636,21.62119505924293,6221810
2011-09-07,22.550966262817383,22.591746813664155,21.83324969431256,22.077926397393703,3443263
2011-09-08,21.865873336791992,22.379692060535262,21.76800200336488,22.32259962411958,3039235
2011-09-09,21.270496368408203,21.670135224373468,21.14000289018483,21.547796866445324,5886640
2011-09-12,21.237871170043945,21.368364629424462,20.78929835607993,20.91979181546045,6160378
2011-09-13,22.2247314453125,22.469408144939724,21.12368959798969,21.34389763735428,6554540
2011-09-14,23.07294273376465,23.456268043655765,22.29813534328263,22.33891589578164,6999205
2011-09-15,23.50519561767578,23.65200093469084,23.18711798097628,23.38285895382948,5338209
2011-09-16,23.815128326416016,23.84775211093304,23.391024079194946,23.64385593345176,4263416
2011-09-19,23.439960479736328,23.586765874432977,22.983232401735616,23.284999963334418,3371328
2011-09-20,23.33393096923828,23.96193298220815,23.33393096923828,23.63569681986673,3705224
2011-09-21,22.648832321166992,23.790652818037422,22.648832321166992,23.40732761309156,4078802
2011-09-22,21.85771751403809,22.14317310648444,21.28680632914537,21.79246995559327,6820957
2011-09-23,22.159486770629883,22.681462328488845,21.63751121277092,21.678290114814605,6414488
2011-09-26,22.583593368530277,22.665151181232744,21.727228082653767,22.412319321054905,5006116
2011-09-27,23.19527816772461,23.6112272070066,23.040317699452736,23.203433286896924,5515609
2011-09-28,22.673301696777344,23.35839439664757,22.63252280167784,23.309458732228364,4326440
2011-09-29,23.40732955932617,23.74171913277388,22.975068659137943,23.21158855634476,7552835
2011-09-30,22.21657943725586,23.04032257080943,22.21657943725586,22.96691823024023,6402286
2011-10-03,21.352054595947266,22.803797965007902,21.115534664487942,22.01268037036804,7672091
2011-10-04,22.102384567260746,22.143163448252235,20.846381168530463,20.98503134450044,7108700
2011-10-05,22.98322486877441,23.04031730399965,21.78431343803909,22.110547908327604,6149556
2011-10-06,23.47258186340332,23.652011027543654,22.55096902959162,23.16265921184276,7948906
2011-10-07,22.975072860717773,23.684632682099387,22.697774018574368,23.61122999887025,5362612
2011-10-10,24.15766906738281,24.443124638857057,23.366551557110917,23.46442123708795,5208555
2011-10-11,23.87220764160156,24.07610537150865,23.70093533101884,23.961923831120163,5054180
2011-10-12,24.655183792114254,25.193469644286864,23.99455792056137,24.01902493413736,5693644
2011-10-13,24.58992576599121,24.69595219723703,24.02717148903212,24.35340590032723,4020023
2011-10-14,24.99772834777832,25.0385072508269,24.394193320459376,24.891701879452015,2652288
2011-10-17,23.937463760375977,24.86723325269886,23.872216199335817,24.614399778918184,2974938
2011-10-18,24.875389099121094,25.144532820522887,23.733568301067976,23.87221689657805,3554987
2011-10-19,24.31262969970703,24.842760264051503,24.231070262615795,24.81829325817393,4276148
2011-10-20,24.58177375793457,24.736734215126983,24.02717452837843,24.32078520558478,3823844
2011-10-21,25.25055503845215,25.49523005735013,24.867229796862198,25.030347026294063,4153921
2011-10-24,25.976430892944336,26.090612477148515,25.2260921745313,25.291338086719435,4788399
2011-10-25,25.37289428710937,26.098765901702887,25.1771532746404,25.748062772966893,3487825
2011-10-26,25.878557205200195,26.08245499488424,25.0466591087686,25.772530750684435,6147328
2011-10-27,27.15902328491211,27.379231274020952,26.49024419969242,26.637049525764983,5270624
2011-10-28,26.73493003845215,27.24059376694392,26.498410067109237,27.093788381317296,4681026
2011-10-31,25.690967559814453,26.514710363903188,25.650188670641583,26.40868393165419,5989876
2011-11-01,24.981414794921875,25.446299540355746,24.6143997403952,24.965102904687363,5054816
2011-11-02,25.67466163635254,26.229260929793384,25.250557459368224,25.446298483553218,4993809
2011-11-03,26.261886596679688,26.33528927971296,25.087440367147504,26.03352177696511,5135983
2011-11-04,25.78068733215332,26.26188393363189,25.560479305383375,26.033519137074308,3628090
2011-11-07,25.96011734008789,26.025364898598248,25.389206154621693,25.69097363698238,3160401
2011-11-08,25.82146644592285,26.09876691203021,25.185309368646752,26.09876691203021,3114141
2011-11-09,24.655183792114254,25.323964784692446,24.58993622191147,25.079288046932085,4734606
2011-11-10,24.687801361083984,25.25871085460891,24.443124684930662,25.014035828955283,5927489
2011-11-11,25.788841247558597,25.89486603906474,25.095591815328785,25.111903702598863,2614728
2011-11-14,25.421831130981445,25.772532648239498,25.2097782063371,25.55232460364724,2557859
2011-11-15,25.46261405944824,25.797003717529694,25.160846534703968,25.258716235715603,2916052
2011-11-16,24.95694732666016,25.584949353942605,24.90801330411863,25.160845139083,3820661
2011-11-17,24.875389099121094,25.23424739432349,24.67149294066516,24.875389099121094,3499602
2011-11-18,25.21792984008789,25.3239562808133,24.883540281338117,25.103748281075703,4085062
2011-11-21,24.64701461791992,24.867222566046603,24.38602613641858,24.704103733546287,3968671
2011-11-22,24.98228645324707,25.440914126934988,24.627496671951075,24.843830978558515,5145600
2011-11-23,24.212129592895508,24.722678570307835,24.177516970113,24.627490969281997,3158400
2011-11-25,24.246870040893555,24.72451187424443,23.90817861929637,24.081865805778705,1588600
2011-11-28,25.42795753479004,25.50611737100798,24.811363455339595,25.0197891331141,3829100
2011-11-29,25.436643600463867,25.81875653670337,25.358483759773936,25.46269577641375,2859000
2011-11-30,26.59165954589844,26.64376553308153,26.11401608472505,26.3919168915942,3478800
2011-12-01,26.55691909790039,26.852189096856492,26.47875929485793,26.574288311114124,2415700
2011-12-02,26.852197647094727,27.190889130511483,26.713247209979144,26.886934428163688,3413000
2011-12-05,27.1995792388916,27.581693846422475,26.98246892995228,27.277739082623377,3801100
2011-12-06,26.9043025970459,27.260363285312835,26.9043025970459,27.260363285312835,3011500
2011-12-07,26.487445831298828,26.878244874984137,26.16612198911097,26.878244874984137,4855800
2011-12-08,25.5582218170166,26.452715089172504,25.49743120509377,26.305081692457016,4998000
2011-12-09,25.983755111694336,26.20954997329271,25.697169644361743,25.74059103233768,3693700
2011-12-12,25.757957458496094,25.81006344970402,25.38452759926349,25.705851467288166,2869400
2011-12-13,25.045839309692383,25.975070942015467,24.9155734871422,25.853489728491265,4662200
2011-12-14,24.56819725036621,24.95899471550614,24.53345881448544,24.88951950016439,4075000
2011-12-15,24.57687759399414,24.95030745797257,24.52477160212401,24.95030745797257,3612400
2011-12-16,24.802669525146484,25.141362573629625,24.75056353938732,24.880829331994946,4761900
2011-12-19,24.30765914916992,25.115309403249714,24.25555316206075,24.967674392757505,3546200
2011-12-20,24.86346244812012,25.089257282797057,24.75056585899144,24.81135645747762,4530000
2011-12-21,25.176105499267575,25.228211497763308,24.620303764860235,24.75056958930948,3452900
2011-12-22,25.566904067993164,25.688485280621823,25.19347416472537,25.19347416472537,2057700
2011-12-23,25.801380157470703,25.90559380162038,25.662429736217582,25.662429736217582,2753900
2011-12-27,26.061908721923828,26.209543724832923,25.76663871610564,25.81874470053844,2332500
2011-12-28,25.315052032470703,26.018488701250966,25.22820761074509,25.983751926412463,3115000
2011-12-29,25.419269561767575,25.532166167802764,25.2021593024216,25.367161906902272,1929900
2011-12-30,25.33242416381836,25.566903632539823,25.29768572856195,25.349793381446563,1346800
2012-01-03,26.05322265625,26.29638666401928,25.896903055285414,25.94900903680051,3290500
2012-01-04,26.461395263671875,26.54823969032825,25.818749156686167,25.99243800999892,5360800
2012-01-05,27.329837799072266,27.44273605718528,26.07928394595721,26.226918982891323,7517800
2012-01-06,27.56431770324707,27.7814279576738,27.086675806076183,27.26036301576569,5495200
2012-01-09,27.93775177001953,28.224338955733383,27.529586659391075,27.599061889025307,5306000
2012-01-10,28.39801597595215,28.901709937733514,28.163536552888125,28.65854756396588,6334900
2012-01-11,28.67592430114746,28.86698239513848,28.47618325417492,28.75408412934017,3041800
2012-01-12,29.39672470092773,29.483570783243024,28.62381278893781,28.80618459254097,4931800
2012-01-13,29.11881828308105,29.231716512036293,28.693284156219924,28.953815727560837,3526000
2012-01-17,29.20566749572754,29.587780287345108,29.005926492415693,29.41409145012293,5470800
2012-01-18,29.47488784790039,29.61383828246057,29.136196370712437,29.196986978780032,5251600
2012-01-19,30.100170135498047,30.352018864155067,29.535682062693013,29.553051283239025,5047500
2012-01-20,30.256486892700195,30.282539064589336,29.891739922053414,30.108850188702288,3112800
2012-01-23,30.256486892700195,30.3172775023347,29.778844968640637,30.247803939683735,2236900
2012-01-24,30.34333038330078,30.404120994355868,29.874374714138668,29.96990045091106,2344800
2012-01-25,30.53438949584961,30.690709161704604,30.091485984487093,30.30859626341459,4070700
2012-01-26,30.07411766052246,30.829660526102145,30.030696266011454,30.647288681451887,3640600
2012-01-27,30.02200126647949,30.34332346780145,29.770152613598373,29.99594909991906,2724400
2012-01-30,30.09147453308105,30.187000236670983,29.466196107612767,29.68330630391829,2887800
2012-01-31,29.91778564453125,30.15226505354156,29.700675448726,30.14357879051969,2903700
2012-02-01,30.508337020874023,30.647287465500327,30.12622081352176,30.12622081352176,3719300
2012-02-02,30.54306983947754,30.682023586444007,29.848317668843524,30.022006539711946,4928200
2012-02-03,31.37677001953125,31.5678247609946,30.77754369025153,30.88175898141961,4055300
2012-02-06,31.394140243530277,31.46361379370236,31.08150098565797,31.16834375158287,2107100
2012-02-07,31.411510467529297,31.602568554253743,30.959924047190896,31.168348039217907,3213500
2012-02-08,31.454927444458008,31.58519157927412,31.289921569049937,31.36808137507513,2749600
2012-02-09,31.30728912353516,31.55045479207982,31.072809717887782,31.533085579123867,2295800
2012-02-10,31.02070617675781,31.150970307965487,30.58648578038814,31.003336963362383,2753200
2012-02-13,31.211767196655277,31.39414231768945,30.78623297753409,31.368086835919208,2765700
2012-02-14,30.508337020874023,31.04676957969595,30.273857524409657,30.97729270096284,6386700
2012-02-15,30.16095924377441,30.68202589559553,29.96990114015601,30.58649684378633,5984400
2012-02-16,30.23912048339844,31.09019241019586,29.709370853500843,29.857007571215945,6667300
2012-02-17,30.33464241027832,30.69070306446824,30.17832277547891,30.42148517946053,3146800
2012-02-21,29.804901123046875,30.517022627781337,29.70068910872579,29.874378007821072,4524700
2012-02-22,29.996511459350582,30.21425617955571,29.79618671546436,29.79618671546436,4438200
2012-02-23,29.874568939208984,30.074893642805524,29.63940428998172,29.935537182802708,3975200
2012-02-24,30.24909210205078,30.501676741241383,30.21425215405477,30.405868545512515,4188000
2012-02-27,30.397167205810547,30.588780318785517,29.891997811328647,29.98780602907667,3392600
2012-02-28,30.841358184814453,30.945874707152807,30.275220653984377,30.38844882465446,4298200
2012-02-29,30.728139877319336,31.17234105424845,30.597495013091844,30.919756331878677,4138400
2012-03-01,31.13748550415039,31.242002007704947,30.83264431773304,30.89361255501651,2832600
2012-03-02,31.13748550415039,31.48587827935857,30.989420734324742,31.17232544617516,2817300
2012-03-05,31.416208267211918,31.485888173156937,31.05910705554564,31.15491526495965,2771000
2012-03-06,31.16362762451172,31.276855825063706,30.92846289529816,31.09395103207134,4518000
2012-03-07,31.268138885498047,31.398783706288743,31.11136244253296,31.242007263323664,4195300
2012-03-08,31.9997615814209,32.36557107126532,31.694917017363533,31.712336991525696,5444700
2012-03-09,32.69654846191406,32.94042148890619,31.9387944322957,31.9823460349907,5830500
2012-03-12,32.644290924072266,32.9491355526695,32.522354401641785,32.66171090192248,3504400
2012-03-13,33.41073989868164,33.41073989868164,32.862022445924104,32.888150740929795,3979500
2012-03-14,33.43687438964844,33.64591075598823,33.18428974938961,33.35848616758606,4159600
2012-03-15,33.42816162109375,33.62848631251334,33.16686868978646,33.43686994571204,2269200
2012-03-16,33.219120025634766,33.55880111483195,33.14944347215503,33.402024716353345,3448300
2012-03-19,33.16687774658203,33.34107086667345,32.80106488484432,33.20171437708784,3989200
2012-03-20,32.78363037109375,33.105891487387645,32.69653384966923,32.94040676767334,3414300
2012-03-21,32.992679595947266,33.21913263385516,32.69654665559348,32.75751490897333,2507400
2012-03-22,32.844608306884766,33.07106464554215,32.583315342874194,32.82718833294802,2058400
2012-03-23,32.85332489013672,32.93171312336692,32.43525542041593,32.87074486669018,2099200
2012-03-26,33.637203216552734,33.645914865912886,33.17558547608679,33.17558547608679,2917300
2012-03-27,33.57624816894531,33.82012460915176,33.36721501736498,33.72431636362659,3751600
2012-03-28,33.1407585144043,33.550119809256216,32.89688539705696,33.50657151294734,3109000
2012-03-29,32.78363037109375,33.07105487232943,32.470077577934575,32.9055668300958,2531900
2012-03-30,32.96652603149414,33.210402205230444,32.862009569903385,32.97523767476244,2901700
2012-04-02,33.13203048706055,33.23654700057088,32.6704095175598,32.983962380610855,3121300
2012-04-03,33.37591552734375,33.37591552734375,32.975265978588965,33.03623424372464,3119600
2012-04-04,32.80105972290039,33.01880441126869,32.6094433339298,32.9839644637249,2871200
2012-04-05,32.90557861328125,33.018806789694544,32.57460905533547,32.60073735661527,3660300
2012-04-09,32.65299987792969,32.87074459929552,32.156538856496475,32.295898667790546,3015300
2012-04-10,31.76460266113281,32.705258178438655,31.73847103390144,32.57461333236556,4654000
2012-04-11,32.52235412597656,32.62687066967092,31.87782824106581,32.09557297856632,2483800
2012-04-12,32.72268295288086,32.80107120102477,32.41784161149979,32.609454745001564,2678200
2012-04-13,32.49622344970703,32.69654819488896,32.374283614686014,32.64428826559424,2377900
2012-04-16,32.49622344970703,32.78364475452606,32.3046070314805,32.75751645113908,3025800
2012-04-17,33.018802642822266,33.149450777854,32.53976501857272,32.94912607398674,2666600
2012-04-18,32.94913482666016,33.2539761260194,32.8010666794564,32.870746589321925,2484600
2012-04-19,34.360107421875,34.743336820780385,33.785261662257035,33.785261662257035,6224100
2012-04-20,33.88106918334961,34.56913975861843,33.785261004857574,34.56913975861843,6021300
2012-04-23,33.54139709472656,33.66333693570723,33.05365102088766,33.576237049292466,3506900
2012-04-24,33.445594787597656,33.715596150042494,33.26268667325488,33.57623964353255,2910400
2012-04-25,33.985599517822266,33.985599517822266,33.57623834221198,33.750434799228344,3001900
2012-04-26,34.63882064819336,34.725917182523354,34.02042661589888,34.15107141739387,3790300
2012-04-27,34.429805755615234,34.72593880828337,34.33399751467527,34.66497053178009,3718300
2012-04-30,34.04656982421875,34.307862864175874,33.820116742261575,34.21205464093664,2195700
2012-05-01,34.5343132019043,34.75205791737022,33.98559558862437,34.151080376271025,3007700
2012-05-02,34.83045196533203,35.11787331004233,34.10753779443179,34.368830832128765,5474400
2012-05-03,34.91753387451172,35.231086717089696,34.673660918071,34.804305720798595,4310200
2012-05-04,34.21205520629883,34.76948125342464,34.15979859095661,34.62141641325992,3147500
2012-05-07,34.22075653076172,34.438501222371265,33.81139544732926,34.09010838678786,3090000
2012-05-08,33.811405181884766,34.09882985237083,33.07107434627366,34.01172995713811,3682600
2012-05-09,34.124961853027344,34.342706630893765,33.19301446956079,33.41075924742721,3807300
2012-05-10,34.177207946777344,34.70850219856595,33.91591166120096,34.5081774828056,2588000
2012-05-11,34.26430130004883,34.53430588613609,33.715583803009544,34.0030083613463,2533600
2012-05-14,33.69816970825195,34.0552708953508,33.53268492679853,33.872366138609564,2754500
2012-05-15,34.00300979614258,34.36881926125786,33.54138881835218,33.55880879133674,3569700
2012-05-16,33.70589828491211,34.431227751211644,33.70589828491211,34.238971105470185,3205000
2012-05-17,32.35136032104492,33.828231035217684,32.29892579854107,33.7757998463347,4081200
2012-05-18,32.18533706665039,32.9718352543635,32.001817822590546,32.517412523549936,4519200
2012-05-21,33.21650695800781,33.26020405850713,32.22027440524472,32.2377525787203,2356600
2012-05-22,33.102909088134766,33.69715374619749,32.94560883549338,33.24273116452475,3337600
2012-05-23,33.30390167236328,33.45246116363494,32.58731314519396,32.88443546135839,3547600
2012-05-24,33.548583984375,33.64471226708883,33.164074187140244,33.443718282151075,2502100
2012-05-25,33.767059326171875,33.906881386862445,33.33885572376613,33.33885572376613,2423400
2012-05-29,34.204002380371094,34.24769614761954,33.740842447020185,33.976792790506714,2770700
2012-05-30,33.46118927001953,33.88065532246821,33.19902340394159,33.81948339817068,3553500
2012-05-31,33.82823181152344,34.06418216777417,32.6746989589338,33.42624379729816,4218300
2012-06-01,31.88821029663086,33.12039362313993,31.748388193396565,33.02426530211225,5971500
2012-06-04,31.748388290405277,32.150376421729426,31.36387500511964,32.10668263938931,4315300
2012-06-05,32.080448150634766,32.16783900657023,31.180344003031376,31.416294313626693,3491500
2012-06-06,32.81452560424805,33.02426039474408,32.31640922714404,32.33388740415383,4044800
2012-06-07,32.8057861328125,33.71463127880735,32.70965783207558,33.33885883062912,3173300
2012-06-08,33.032981872558594,33.032981872558594,32.47369381268007,32.70964408799503,2349800
2012-06-11,32.2115364074707,33.37380658697064,32.18532081453798,33.37380658697064,2632000
2012-06-12,32.77083969116211,32.7883178723654,32.106685473548325,32.333895161946614,2469100
2012-06-13,32.307674407958984,32.77083446835277,32.16785231423888,32.56984041698147,2062600
2012-06-14,32.90192031860352,33.10291437717675,32.229025426707835,32.333891167350004,1821700
2012-06-15,33.19028854370117,33.23398230686615,32.70965048164552,32.91064445910077,2160700
2012-06-18,33.53984451293945,33.69714472346219,32.75334346032577,32.80577797504014,2099800
2012-06-19,34.62347412109375,34.94681538475812,33.85445435956542,33.863191780973594,3663800
2012-06-20,34.789512634277344,34.95555029808969,34.361305676332485,34.68464358317592,3074800
2012-06-21,33.767059326171875,34.89437656565137,33.74084373154892,34.79824827387269,2986900
2012-06-22,33.906883239746094,34.17778995559725,33.635979857516006,34.081661658565515,2761700
2012-06-25,33.01552200317383,33.627244907827034,32.814527953603225,33.55733552840413,1851400
2012-06-26,33.094173431396484,33.29516748881913,32.631013357058286,33.04174222818644,2132900
2012-06-27,33.34761047363281,33.37382608187906,32.9194033150826,33.27770107376861,2614300
2012-06-28,32.8057861328125,33.40876820067885,32.421272929864806,33.11164587731981,2630400
2012-06-29,34.25645065307617,34.32636004201381,33.635990241657986,33.635990241657986,3076700
2012-07-02,34.30013656616211,34.50113059696111,34.04670800547676,34.23896461477204,2979100
2012-07-03,34.30013656616211,34.41374304743853,34.0729269372306,34.24770203627576,1328800
2012-07-05,34.588531494140625,34.84195679457607,33.83698634962307,34.1952807401928,2475900
2012-07-06,34.43121337890625,34.50986348900466,33.98552831047508,34.16030670331828,2479900
2012-07-09,34.046714782714844,34.56230942822201,34.02923660260691,34.41374989773753,3503800
2012-07-10,33.35633850097656,34.51861236557614,33.120391425988814,34.40500587247789,4015100
2012-07-11,33.233985900878906,34.15157169467587,32.98056071366777,33.496155175461354,6297000
2012-07-12,31.09296989440918,32.639750375123896,31.031794602052823,32.45623449892001,9569800
2012-07-13,31.70468139648437,31.757115919294467,31.03178668838214,31.119177559732297,4893300
2012-07-16,31.564855575561523,31.792068480382724,31.52116181190221,31.5473774033737,2911800
2012-07-17,32.071720123291016,32.13289207354844,31.36386898422771,31.643513137867743,4987100
2012-07-18,32.071720123291016,32.456230001140746,31.660991314172907,31.844507164945192,3592600
2012-07-19,32.58731460571289,32.928130709077955,32.054241896912664,32.20280139484255,2938000
2012-07-20,32.20280456542969,32.68344612634007,32.159110787243726,32.36884558960658,3511100
2012-07-23,31.28520774841309,31.6522426532463,31.023041864172267,31.486201704118383,4389000
2012-07-24,30.61233329772949,31.44252858752743,30.315210878231987,31.224056318297567,4963200
2012-07-25,30.883230209350582,31.154136936436725,30.5686297091528,30.75214555639444,3613200
2012-07-26,31.512432098388672,31.591082225656034,30.91818743317335,31.425041216079773,3666400
2012-07-27,32.237754821777344,32.42127065560864,31.71342291551052,31.800810455348003,2820200
2012-07-30,31.89694023132324,32.38631914456495,31.61729609050544,32.11541242468847,2371900
2012-07-31,31.8270320892334,32.03676689170645,31.61730062038194,31.844510267241283,2415400
2012-08-01,31.765850067138672,32.150363194225505,31.52116231980744,32.0804505043477,2083800
2012-08-02,31.73964500427246,31.93190163159338,31.171615878254272,31.48621641982609,2363600
2012-08-03,32.81452560424805,32.95434768670494,32.17658714468715,32.17658714468715,2070700
2012-08-06,32.63975524902344,33.05922493387168,32.60480221997128,32.87570569664224,2670000
2012-08-07,33.312625885009766,33.43496973134149,32.82325049968286,32.86694425428422,2639300
2012-08-08,32.543609619140625,32.98929129299486,32.4037875907138,32.945597534165245,3094200
2012-08-09,32.58731460571289,32.9106525328001,32.508664479273165,32.56983642943504,2284900
2012-08-10,32.28145980834961,32.52615100543374,32.00181558335814,32.49119464390427,2075800
2012-08-13,32.27272033691406,32.4474987998487,32.11542005363508,32.25524215725841,1567000
2012-08-14,32.03675842285156,32.70091234347551,31.958108309417877,32.552352870112266,2042700
2012-08-15,32.15037155151367,32.25523727996903,31.827030277209104,32.019286890728424,1578400
2012-08-16,33.0417366027832,33.18155867690804,32.09793510222466,32.132891454161175,1837000
2012-08-17,33.25147247314453,33.33886336461809,33.01552206659838,33.09417220211376,2067900
2012-08-20,32.81452560424805,33.20777625291474,32.74461622983031,33.06795417045785,2588700
2012-08-21,32.62160873413086,33.02499340735579,32.53391423221031,32.867146649102,2190600
2012-08-22,32.65667724609375,32.77067504836034,32.22698267191259,32.45498162164802,2483200
2012-08-23,32.55144500732422,32.71806284678165,32.4812927685019,32.6216005913489,1974600
2012-08-24,32.419918060302734,32.621610407259794,32.09545340436004,32.419918060302734,2644200
2012-08-27,32.76191711425781,32.832069371709345,32.411145791390375,32.61283813121801,2000400
2012-08-28,32.674224853515625,33.05130288065752,32.48130362338043,32.58653368938176,2243400
2012-08-29,32.97237014770508,33.024986838391484,32.57775667576595,32.691754487782674,1954700
2012-08-30,32.91975784301758,33.06006567741478,32.577757705749576,32.753139989844094,1913700
2012-08-31,33.042537689208984,33.296846768391795,32.76192192776717,33.103922177949144,1670700
2012-09-04,32.99869537353516,33.31438897274007,32.71807958428725,32.95484978369093,2112300
2012-09-05,32.79697799682617,33.00743800581543,32.647899090690714,32.9460535577601,2122400
2012-09-06,33.98084259033203,34.11238267392431,33.024994239144235,33.10391762025895,2759200
2012-09-07,34.51576614379883,34.51576614379883,34.059764773968595,34.112381474596255,3627900
2012-09-10,34.17374420166016,34.51574417505427,34.15620531261417,34.51574417505427,2736100
2012-09-11,34.498226165771484,34.60345621853597,34.17376488504587,34.20007156193623,2083600
2012-09-12,34.65605926513672,34.761289276446966,34.43682812353935,34.63852037238472,1320500
2012-09-13,35.93638610839844,35.96269278794054,34.515768544667075,34.6911542137557,4434000
2012-09-14,36.48006820678711,36.69053161835812,35.68206681930122,35.91883690286768,3430400
2012-09-17,36.09421157836914,36.3572882541698,35.69082711912804,36.18190268856888,3247700
2012-09-18,36.01530456542969,36.19945798743951,35.866228941479726,36.111766837492816,1646100
2012-09-19,35.866214752197266,36.20821478497248,35.831136968014775,35.98021253298792,3550300
2012-09-20,35.73468399047852,35.778529559463145,34.857759229975976,35.410222765749275,4018800
2012-09-21,35.454063415527344,35.95391019204448,35.41898562712564,35.91883240364278,3370700
2012-09-24,35.269927978515625,35.603157102168325,35.07700338940869,35.366390273069094,2245100
2012-09-25,34.32282638549805,35.43652096651672,34.30528749305661,34.88405756281732,3505300
2012-09-26,34.208839416503906,34.44560954466158,33.98960818804714,34.29653391500845,2477000
2012-09-27,34.70869064331055,34.83145959936823,34.1562269958478,34.40176490796317,2298600
2012-09-28,34.28776550292969,34.612230155240134,34.20007434269642,34.506996748716205,3023700
2012-10-01,34.17374420166016,34.761281931296,34.103588645476215,34.480666396962306,3254700
2012-10-02,33.87560272216797,34.42806288480719,33.76160157240968,34.34037175127147,3500700
2012-10-03,34.20006561279297,34.27022119923435,33.76160323314178,34.077296681723034,4667300
2012-10-04,34.14743423461914,35.340051929504426,33.90189647809607,34.97174529471982,6841600
2012-10-05,33.57744216918945,34.33159782521184,33.32313324421414,33.84051886786659,5090500
2012-10-08,33.96329879760742,34.2789922765954,33.375760757981986,33.49852970087669,5050400
2012-10-09,33.717769622802734,34.05976986499452,33.58622952417343,33.93700089038246,3116300
2012-10-10,33.6563720703125,33.989601059129726,33.463447559269206,33.72652430919946,2911600
2012-10-11,33.47222137451172,33.577454769634365,33.02499115345089,33.086375628004284,3491500
2012-10-12,33.46345901489258,33.884382627917226,33.27930556141995,33.516075720971976,2319200
2012-10-15,33.78790664672852,33.89314001624119,33.454677678878184,33.54236880826993,1928500
2012-10-16,34.103607177734375,34.173762772041606,33.8931470852184,34.03345492863001,1485300
2012-10-17,34.01591491699219,34.20006832821856,33.81422260776292,34.20006832821856,1998800
2012-10-18,34.103607177734375,34.296531716876395,33.83176261280101,34.0159160300532,1954600
2012-10-19,32.910972595214844,33.91066590434381,32.73559038640017,33.91066590434381,3505000
2012-10-22,33.27052688598633,33.314375803701324,32.56021991376085,32.91098783906154,2271900
2012-10-23,32.349754333496094,32.735603374459345,32.30590876389642,32.68298668381821,2215500
2012-10-24,31.955137252807617,32.57775637871057,31.823600545094816,32.507600791768404,3704200
2012-10-25,31.9814395904541,32.490054092835535,31.648207322906597,32.22697739538295,4003600
2012-10-26,32.28837203979492,32.674217761520325,31.858680745519347,31.920065216130144,5715400
2012-10-31,31.990217208862305,32.40237294700357,31.77098600265146,32.25329398727477,3793600
2012-11-01,32.411128997802734,32.57774679517445,32.0252834187342,32.130513422988976,2507400
2012-11-02,32.17436599731445,32.85836953717158,32.156827101912754,32.647906137553484,4070100
2012-11-05,32.13053131103516,32.200686916397125,31.85868670326601,32.0253012481956,1859000
2012-11-06,32.24452209472656,32.34098434837784,32.00775202081951,32.20944430336204,2267800
2012-11-07,31.57805824279785,32.15682843422423,31.437750418973348,31.928829474960303,2809700
2012-11-08,30.93790435791016,31.595597925690235,30.93790435791016,31.551752356878723,3327300
2012-11-09,31.16590118408203,31.569285698492088,30.788823337289447,30.832668898385865,3759700
2012-11-12,30.96422576904297,31.27991598776959,30.92914796300544,31.262380429954533,1980100
2012-11-13,30.806371688842773,31.10452627911953,30.744987215421347,30.806371688842773,3253900
2012-11-14,30.1486759185791,30.964216259877333,30.04344253278388,30.93790624082719,2788700
2012-11-15,29.91191864013672,30.341610108112448,29.75407183898528,30.148688841863883,3195600
2012-11-16,30.19252014160156,30.648521424073568,29.90313336139331,29.999595621462728,3369500
2012-11-19,31.08698272705078,31.20975165551717,30.56959699622644,30.63098146045963,4265300
2012-11-20,30.699722290039062,31.23661588984076,30.56769806278713,31.139798570858083,2710300
2012-11-21,30.64690399169922,30.946155919466268,30.585293596939653,30.717317790004262,1227700
2012-11-23,31.01658058166504,31.042984086520192,30.69972509333965,30.840549381760283,583400
2012-11-26,30.55009078979492,30.831739305710897,30.479680339573505,30.77893230742362,2639900
2012-11-27,30.488487243652344,30.86695315156561,30.37406645910473,30.418076777595594,2987700
2012-11-28,30.99016571044922,31.04297606402753,30.11001329590072,30.33885480389173,2701400
2012-11-29,32.2399787902832,32.3015891809644,31.113381594581785,31.23660573345865,5356600
2012-11-30,31.94072723388672,32.178368753778884,31.799903002563344,32.178368753778884,3632700
2012-12-03,31.58867073059082,32.29279201546101,31.57106727877968,31.88792269635004,1718000
2012-12-04,31.27181625366211,31.56226818100998,31.23661270649604,31.51826122891597,2285300
2012-12-05,31.04297637939453,31.465449139767934,30.90215212593673,31.34222833768174,2013300
2012-12-06,31.2102165222168,31.49186514095239,30.97257487062432,31.08699567120952,1544300
2012-12-07,31.18380546569824,31.43905051387167,31.051781238707697,31.43905051387167,1282800
2012-12-10,31.32462882995605,31.42144614593128,31.034176882030387,31.1133907444178,1135900
2012-12-11,31.50065803527832,31.61507544015936,31.298223367971172,31.46545113030788,1868500
2012-12-12,31.615083694458008,31.852725328780817,31.28062808246247,31.676697473000484,2259100
2012-12-13,31.35103225708008,31.68549115942276,31.30702530197286,31.59747724920832,1601200
2012-12-14,31.78230094909668,31.97593553473418,31.219003999076307,31.219003999076307,2328200
2012-12-17,32.424808502197266,32.44241194981554,31.78229777294468,31.87031165352173,2489800
2012-12-18,32.935298919677734,32.9793092226474,32.39840881310384,32.53042964946868,3001600
2012-12-19,32.75927734375,33.02332242401489,32.680063483919,32.90890165814447,2375500
2012-12-20,33.16415023803711,33.32257797464523,32.671263573310114,32.732873986711525,3433300
2012-12-21,32.917694091796875,32.96170103092075,32.55683181895829,32.644845697206044,3346200
2012-12-24,32.67124938964844,32.891287444132224,32.56563206360021,32.847280504738315,562200
2012-12-26,32.310401916503906,32.73287477175259,32.29279846117907,32.69767121861872,1516100
2012-12-27,32.46001434326172,32.539228176214245,31.94072440668721,32.32799016916943,1731400
2012-12-28,32.10796356201172,32.60085018245936,32.05515320204809,32.11676696743003,1662700
2012-12-31,32.80327606201172,32.82087951061194,31.89672028294485,31.958330674288355,1946100
2013-01-02,34.141109466552734,34.68680296753305,33.56900911273256,33.72743679971308,3964900
2013-01-03,34.41395950317383,34.62519756879465,34.08830403629376,34.202724795068164,2810800
2013-01-04,34.52836990356445,34.70440101252059,34.30833185674782,34.52836990356445,2285300
2013-01-07,34.334747314453125,34.501978437126915,34.141116048878914,34.27313690847288,1817200
2013-01-08,34.23793029785156,34.3699511456363,34.105906092551805,34.26433379590551,1716000
2013-01-09,34.23793029785156,34.37875454999762,34.08830264134417,34.30834074516709,1456600
2013-01-10,34.34355545043945,34.581197059462184,34.19392775993665,34.493179783426484,1521500
2013-01-11,34.220333099365234,34.4139643829994,34.11471237282046,34.30834701397025,863200
2013-01-14,34.08830642700195,34.45797222838529,33.991489113365475,34.24673414794975,1227700
2013-01-15,34.46676254272461,34.53717633548992,33.92986912418968,33.956275975233886,1830000
2013-01-16,34.176307678222656,34.40514574707471,34.061886965039726,34.290725033891775,1182200
2013-01-17,34.57239532470703,34.79243348916167,34.23793973214746,34.2819466935352,2481100
2013-01-18,34.5635871887207,34.678007947570975,34.29954212465598,34.660404495631305,1523100
2013-01-22,34.53717803955078,34.58998502921582,34.09710188559762,34.50197114143102,2173200
2013-01-23,34.457969665527344,34.58119047098528,34.246731600802924,34.50197661640301,2010600
2013-01-24,34.2995491027832,34.66041154717477,34.17632827165181,34.50198380500132,2456800
2013-01-25,34.81883239746094,34.89804625286842,34.36995276431348,34.466770071757644,2912200
2013-01-28,35.29411315917969,35.31171661170855,34.67800910824601,34.77482306088183,4130800
2013-01-29,35.39094161987305,35.42614853602333,35.00367561476898,35.19731029607917,2281300
2013-01-30,35.32932662963867,35.540564741724985,35.26771621309597,35.32052658049653,2246600
2013-01-31,35.18850326538086,35.40854143239113,35.0212754671588,35.40854143239113,2593200
2013-02-01,35.46133804321289,35.71658302372102,35.28530690639644,35.50534498803834,1852600
2013-02-04,35.003662109375,35.33812096872637,34.915644852958835,35.19729671597554,1830900
2013-02-05,35.162078857421875,35.35571004617475,35.074061628430584,35.22368923895879,1836600
2013-02-06,35.78700256347656,35.85741637911309,35.038874238673856,35.10928469679486,2508900
2013-02-07,35.619773864746094,35.78700163627688,35.19730105441929,35.69018432104284,2087800
2013-02-08,36.05984878540039,36.13025923907456,35.62857258565314,35.672579538888904,1965500
2013-02-11,36.2798957824707,36.28869583226405,35.87502298413762,36.05985760495939,1182200
2013-02-12,36.42951583862305,36.54393661754981,35.98943953546014,36.25348464585474,1637200
2013-02-13,36.24467468261719,36.62314046841184,36.227071232404086,36.5967369718496,1461000
2013-02-14,36.22705459594727,36.27106152251342,35.89259591052056,36.01581664791112,1381300
2013-02-15,36.28867721557617,36.72875334483251,36.20066333273067,36.2534703194322,3495800
2013-02-19,35.93663024902344,36.21827879658613,35.76059906741788,36.21827879658613,4131200
2013-02-20,34.959651947021484,36.08624586549063,34.783620807882,35.09167278324006,3722300
2013-02-21,34.46676254272461,34.87163177858181,34.36994525642953,34.86283173324336,3558500
2013-02-22,34.757232666015625,34.757232666015625,34.361163267368326,34.61640836399839,1832600
2013-02-25,33.973873138427734,35.179684054272215,33.973873138427734,34.94204256043821,3347800
2013-02-26,33.91226577758789,34.255524624560955,33.7538381009058,34.070693454269986,2620200
2013-02-27,34.707088470458984,34.821896578853924,34.000583512800446,34.000583512800446,1638100
2013-02-28,34.83955764770508,35.148652496372506,34.654100738504624,34.74241258987212,2701000
2013-03-01,34.945552825927734,35.06036099444643,34.49515673232847,34.68944359187955,1580600
2013-03-04,34.6187858581543,34.98969979663772,34.380339739608274,34.88372486691135,3377400
2013-03-05,34.84839630126953,35.15749459701412,34.74242137904266,34.81307020423323,2484200
2013-03-06,34.77773666381836,35.06916845155777,34.707084491711235,34.98968644237775,2254500
2013-03-07,34.76008224487305,34.91904630267255,34.64527412115522,34.87489036859087,1950700
2013-03-08,35.58139419555664,35.78451418044486,34.91021189264784,35.04268305921401,4826500
2013-03-11,35.53724670410156,35.70504063524373,35.263474466980895,35.599065698147754,3276000
2013-03-12,35.307640075683594,35.81985858815461,35.16633899791287,35.59907544358264,2374200
2013-03-13,35.48426055908203,35.67855076762989,35.28997035053417,35.3694524023144,2199400
2013-03-14,35.696189880371094,35.81983117657541,35.44008418900714,35.55488891073272,1593700
2013-03-15,35.63437271118164,35.72268792720352,35.342940920511985,35.54606086404078,2691200
2013-03-18,35.23698425292969,35.457767353840566,34.9808750473412,35.13983914950766,2087000
2013-03-19,34.9278678894043,35.38709690689009,34.65409914145311,35.32527794000556,2858500
2013-03-20,35.34293746948242,35.51956451539858,35.10449146282772,35.17514362874646,1473900
2013-03-21,34.989688873291016,35.29878709441284,34.8837139766487,35.11332681418725,1431900
2013-03-22,35.19281768798828,35.228143785388774,35.01619393874994,35.060349876059526,1294500
2013-03-25,35.11332702636719,35.43125508709651,34.96319620262348,35.32528018981382,1931700
2013-03-26,36.46453475952149,36.702980893183536,35.13983626287618,35.263474250208546,5147100
2013-03-27,36.75595474243164,36.82660692304246,36.13776163761252,36.24373990852875,2543600
2013-03-28,37.29467010498047,37.32999619933663,36.71180302363101,36.8177779378177,2391500
2013-04-01,36.76480102539063,37.31234214433997,36.73830476379709,37.19753399445487,1777700
2013-04-02,36.61464691162109,37.02088676761624,36.48217915103872,36.967901010935606,1691500
2013-04-03,36.20841979980469,36.79128691060724,36.07594862371604,36.66764894299487,2291500
2013-04-04,36.47335052490234,36.49984677545003,36.10243670604655,36.19074855752235,1549400
2013-04-05,35.90814971923828,35.93464260321342,35.50190977683927,35.84633074404198,1775100
2013-04-08,36.47335052490234,36.47335052490234,35.766845606452364,35.81100153219026,944100
2013-04-09,36.73828506469727,36.97673107788862,36.55282817739759,36.69412914422793,1744900
2013-04-10,37.08272933959961,37.224030382676325,36.72064520616036,36.85311303904832,1877000
2013-04-11,37.27700805664063,37.418309068969634,37.16220330022959,37.259345008989264,1702600
2013-04-12,37.61259460449219,37.61259460449219,37.07388350837936,37.153365528607175,1123100
2013-04-15,35.95230484008789,37.303499163410365,35.811003847263216,37.26817307298385,4070100
2013-04-16,36.87076568603516,36.87076568603516,36.31439151203686,36.385043698079286,2480000
2013-04-17,36.32323455810547,36.70298173873623,36.058295526449314,36.57934037967296,1635200
2013-04-18,36.04061508178711,36.552829846607445,35.810998894651725,36.42036207915021,1993900
2013-04-19,36.50868225097656,36.58816427713144,35.95230806789241,36.12893516700122,1267800
2013-04-22,36.49985122680664,36.702971205077525,36.23490890230569,36.5440071579296,1456000
2013-04-23,36.97674560546875,37.03856459218968,36.64115778295001,36.65881746297133,1744400
2013-04-24,36.588165283203125,37.14453948158601,36.552839188633655,37.07388729244706,1729800
2013-04-25,36.77362060546875,37.020896518792064,36.72946467364411,36.844272791493495,2066600
2013-04-26,36.71179962158203,37.09154667851545,36.632317601087095,36.67647353049952,2228700
2013-04-29,36.75595474243164,36.80011067087271,36.39387073900466,36.6499798403968,1661400
2013-04-30,38.02767181396485,38.08949079531546,36.91492341189007,36.91492341189007,3683900
2013-05-01,37.51544570922852,37.89519272612136,37.34765184760096,37.49778266554965,2508200
2013-05-02,37.83339309692383,37.939368044286965,36.60583956924541,37.59494693869464,3229800
2013-05-03,37.9835205078125,38.46924599051597,37.85988251908163,38.19547375198152,2589500
2013-05-06,38.07182312011719,38.21312411301156,37.92168892017113,37.974678055837046,1826300
2013-05-07,38.45157241821289,38.60170325805477,38.16013720833404,38.16013720833404,1217300
2013-05-08,38.40741729736328,38.592874233627306,38.1689712212174,38.27494613209945,1657900
2013-05-09,38.17779541015625,38.53987939022666,38.08948355897076,38.425071288580575,1710100
2013-05-10,38.831336975097656,38.831336975097656,38.1866506564878,38.283792401305895,1762100
2013-05-13,38.53105926513672,38.79599825435722,38.504563007997255,38.78716504568339,1438300
2013-05-14,38.82249069213867,38.85781678866004,38.51339576978168,38.54872186630304,1986200
2013-05-15,38.831336975097656,39.25524016943496,38.628216905032886,38.77834781247432,3448500
2013-05-16,38.14247512817383,38.80482421953128,38.08948935694952,38.734175401604965,1089600
2013-05-17,38.61935806274414,38.716503111972514,38.25727411399894,38.25727411399894,1786800
2013-05-20,38.292598724365234,38.71650162104432,38.24844280429297,38.58403049194677,1355400
2013-05-21,38.39857482910156,38.60169476300685,38.16896201608542,38.301429780520586,1282700
2013-05-22,37.91982269287109,38.85075055050123,37.72476991774859,38.42518362650189,1622900
2013-05-23,37.75136947631836,38.26559489833493,37.5208519496068,37.54744882495613,1889000
2013-05-24,37.91982269287109,37.99961670250255,37.36126462545091,37.57404977850321,1442900
2013-05-28,38.3276596069336,38.61137090712832,38.19467183740164,38.34539198595895,1394300
2013-05-29,37.52971649169922,38.19466537313595,37.46765148456195,38.0439418679824,1546500
2013-05-30,37.69817352294922,38.0439464417293,37.57405025796204,37.66270876663708,1521300
2013-05-31,37.24601364135742,37.9818922597093,37.24601364135742,37.60951900959826,2352200
2013-06-03,37.41445541381836,37.5829079024243,36.82930056979728,37.54744315257947,2129300
2013-06-04,35.827449798583984,37.44105900288911,35.81858530058464,37.35240049447444,4192200
2013-06-05,35.80971145629883,36.24414619222743,35.54373259324885,35.676723715826206,3339900
2013-06-06,36.359405517578125,36.36827339717164,35.54373646444022,35.75652160731822,1936400
2013-06-07,36.93568801879883,36.971152765361374,36.43919171323629,36.56331832620521,2058800
2013-06-10,36.77609634399414,37.1396015044534,36.687437868605656,36.97114904837366,2003800
2013-06-11,36.20867538452149,36.55444818685206,35.98702580537581,36.35939547493054,1778700
2013-06-12,35.987037658691406,36.71404824718172,35.71219087246496,36.46580171904511,2219800
2013-06-13,36.43032836914063,36.51012236037631,35.69445007417776,35.94269992585792,1751000
2013-06-14,36.146629333496094,36.82931073700109,35.98704129724268,36.42147614751155,1352700
2013-06-17,36.04908752441406,36.45692193955267,35.93382879592561,36.36826346047182,2472600
2013-06-18,36.19095993041992,36.43920649283684,35.96931024766032,36.049104268738006,2055200
2013-06-19,35.8363037109375,36.412593991719,35.82743921555663,36.15547965831776,2794200
2013-06-20,34.621673583984375,35.46394290438454,34.559611954470114,35.44621052707973,2795600
2013-06-21,34.51528549194336,35.05611120608405,33.84146862832022,34.88765529912555,4642400
2013-06-24,34.32024383544922,34.701481646660376,33.89467675407301,34.1340588714921,2635400
2013-06-25,34.88764190673828,34.94970351744494,34.47980749863624,34.82558029603163,2193900
2013-06-26,34.976318359375,35.32209130103538,34.94971809932806,35.19796802783478,2481300
2013-06-27,35.685585021972656,35.82744062839073,35.135894969865674,35.22455345558781,2152600
2013-06-28,35.791969299316406,36.09341283028408,35.42846416333513,35.58805211397119,2708600
2013-07-01,35.747650146484375,36.226414133417904,35.721053274578544,36.05795825906827,1602300
2013-07-02,35.66786193847656,36.05796411220636,35.58806792770168,35.80085308380314,1953100
2013-07-03,35.72992706298828,35.86291822131221,35.30436009129961,35.47281262735169,831700
2013-07-05,36.70517349243164,36.73177036098404,35.978163107095064,36.10228633647873,1527300
2013-07-08,36.9888916015625,37.33466448570189,36.87363284614771,36.89136522252729,1807100
2013-07-09,37.00662612915039,37.2726050260956,36.74951172985777,37.20167551645413,2054300
2013-07-10,37.17508316040039,37.21054791953223,36.76724857670094,37.01549512641268,1299500
2013-07-11,37.39671325683594,37.84887686171634,37.343516145983735,37.69815678745748,1952300
2013-07-12,36.99776077270508,37.52085410461879,36.97116389582816,37.414463215005696,2183300
2013-07-15,36.864776611328125,37.20168169173409,36.84704423097428,37.0066322720532,1977400
2013-07-16,36.78496170043945,37.05980498457504,36.6874353549318,36.93568177469396,1655800
2013-07-17,36.651981353759766,36.97115734817789,36.3860024857796,36.92682810053199,1792500
2013-07-18,37.24601364135742,37.46766333862881,36.6697264577154,36.8381790100835,1540400
2013-07-19,36.90023040771485,37.237138800999006,36.42146976495897,37.19280955027597,1702700
2013-07-22,36.767234802246094,36.962284140186895,36.634243696378185,36.82042853890981,1163600
2013-07-23,36.30622100830078,36.9179729538439,36.25302386351644,36.83817892772037,1402500
2013-07-24,35.791969299316406,36.41258873155618,35.60578448427562,36.39485636125176,3310100
2013-07-25,36.22643280029297,36.39488537933863,35.72993618221756,35.79199783671367,2768400
2013-07-26,36.5810546875,36.62538732068724,35.916105774952264,36.04909691030384,1236100
2013-07-29,36.3150749206543,36.7938389378154,36.235280917794114,36.42146917920453,1633200
2013-07-30,36.6963119506836,36.79383832835337,36.44806544905503,36.53672394760668,1422000
2013-07-31,36.855899810791016,37.24600193785192,36.57218855800038,36.77610580956209,2936700
2013-08-01,36.864776611328125,37.219414072087936,36.26188920772013,36.2973505863221,6797100
2013-08-02,37.6095085144043,38.12373729198568,36.71404547543968,36.83816873013725,5179400
2013-08-05,37.38784790039063,37.68042695664036,37.19279857832817,37.44991289161963,2662700
2013-08-06,36.95343017578125,37.574049876522096,36.90910092189375,37.37899710089076,1773900
2013-08-07,36.32394409179688,36.90909900621453,36.32394409179688,36.90023112663413,2323200
2013-08-08,36.78496170043945,36.93568177469396,36.26186861443789,36.518979528289925,1383200
2013-08-09,36.29734420776367,36.7761082468669,36.27074733295965,36.70518212002112,1511500
2013-08-12,36.11116790771485,36.35054998419518,35.91611509381843,36.00477700109223,1681500
2013-08-13,35.969295501708984,36.182080598051485,35.63238717504351,36.13774797398953,1370400
2013-08-14,36.42146682739258,36.96228905396181,35.76538247045083,35.86290884343857,3434000
2013-08-15,36.253021240234375,36.80271150147295,36.137762459261445,36.33281526058399,2947400
2013-08-16,35.8185920715332,36.20869431724794,35.783127308621154,36.19096193579191,2164900
2013-08-19,35.685585021972656,35.95156386124349,35.64125577911159,35.81857613266029,2239400
2013-08-20,35.65888214111328,35.94379678831183,35.5876551775389,35.75682218792225,2089000
2013-08-21,35.51642990112305,35.872574959322954,35.240420707646564,35.587660271343424,2182700
2013-08-22,36.78963088989258,37.04783579596179,35.43628490231751,35.57874219593332,2515600
2013-08-23,36.64718246459961,37.02113507361575,36.42459267718186,36.89648193964329,2936100
2013-08-26,36.7094955444336,37.04783286366073,36.46019614945019,36.64717069568774,1551600
2013-08-27,35.98830795288086,36.353358391332826,35.908178906137664,36.291030138671566,2372500
2013-08-28,35.74790954589844,35.94378618528439,35.48079917105028,35.92597860053121,2514900
2013-08-29,35.83694076538086,36.246504987551695,35.569833811636805,35.61435107118595,1638200
2013-08-30,35.605472564697266,36.015037058184056,35.50753249093924,35.828062406346795,1671500
2013-09-03,35.88147735595703,36.2732376025271,35.82805797429822,35.94380223219299,1860900
2013-09-04,36.44239807128906,36.64718025579666,35.7657232563114,35.81024392827208,1735500
2013-09-05,36.299930572509766,36.70059273264884,36.1574732929547,36.41567817353871,1908300
2013-09-06,36.166385650634766,36.442398194048906,35.863663421114566,36.31774846362008,1944600
2013-09-09,36.55815505981445,36.72732210862262,36.27324034790003,36.27324034790003,1592500
2013-09-10,37.04783630371094,37.11906325327013,36.71840444454378,36.71840444454378,1460700
2013-09-11,38.24982070922852,38.54364080095476,37.39507690930664,37.47520935282744,3687500
2013-09-12,37.9203987121582,38.38338590676391,37.68000131901,38.27654375307054,1930100
2013-09-13,38.1607780456543,38.232004982258,37.81353866314434,37.89367108960428,1497400
2013-09-16,38.392276763916016,38.74842170055645,38.30324222798082,38.56144713722264,1412600
2013-09-17,38.59706497192383,38.73062019323928,38.3566710078766,38.383380693559545,1696400
2013-09-18,39.01552581787109,39.12236793237754,38.17858969407967,38.525829113562814,1922300
2013-09-19,38.80185317993164,39.16690029362273,38.75733250550908,39.00663537576317,1811600
2013-09-20,38.43680191040039,38.73952414965978,38.31215217596133,38.71281446269442,3263900
2013-09-23,38.28543472290039,38.534734141208816,38.027229813109614,38.436794113601984,1807700
2013-09-24,38.338863372802734,38.65048769356602,38.1518853838944,38.285440605050304,2737300
2013-09-25,38.11626434326172,38.41898649409245,37.929286399771016,38.32994856946604,1785600
2013-09-26,38.20530319213867,38.38337566508047,37.75122161276451,38.08955557525902,2099000
2013-09-27,37.70670700073242,38.08065959359059,37.39508267039267,37.94710436833043,2404500
2013-09-30,37.44850158691406,37.53753613029358,37.10125871625367,37.35946364708443,2357300
2013-10-01,37.87587738037109,37.88477947703896,37.38618054882732,37.41289023528138,1974300
2013-10-02,37.81354904174805,37.83135662989889,37.23481431442124,37.66218624069097,1881900
2013-10-03,37.64438247680664,37.76903221007546,37.17249323044598,37.67109555997174,2337800
2013-10-04,37.929290771484375,37.99161562768163,37.45740160414802,37.63547407747587,1382300
2013-10-07,37.35946273803711,37.688898012715605,37.350560642495815,37.573150391978565,1353100
2013-10-08,36.97660446166992,37.457399088428936,36.87866443809497,37.39507423641755,2391400
2013-10-09,36.75402069091797,37.19920021826513,36.736213102250055,37.083455986599056,2861600
2013-10-10,37.37727737426758,37.50192711405267,36.85196533056566,37.1813972709192,2666500
2013-10-11,37.66218948364258,37.87587716340238,37.2704326999418,37.412890020964845,2032000
2013-10-14,37.430694580078125,37.49301944070143,37.18139174113472,37.39507940359333,1964500
2013-10-15,37.65329360961914,37.875883422781065,37.19030639066822,37.36837892048796,3091900
2013-10-16,38.25871658325195,38.31213593453695,37.88476414201155,37.92037930716761,2916800
2013-10-17,38.56145095825195,38.58816064238919,37.94710105149416,38.1874983980798,1637500
2013-10-18,38.730613708496094,39.095660736327375,38.53473365575011,38.730613708496094,2801500
2013-10-21,39.15799331665039,39.16689880977776,37.66218973759699,37.66218973759699,1417200
2013-10-22,39.07786178588867,39.38058402682688,38.67719949693362,39.273741881922376,2266500
2013-10-23,38.81075668334961,39.02444438038939,38.58816688897308,38.6237820712215,1855700
2013-10-24,39.71892929077149,39.78125417064278,39.10457919425265,39.22032685534988,2425800
2013-10-25,39.61207962036133,39.84357150224899,39.398391932391455,39.84357150224899,1388900
2013-10-28,39.26482772827149,39.5052250486221,38.97101104547615,39.22031046075096,2474400
2013-10-29,39.71892929077149,39.736736884513455,39.22923235044647,39.50524156231901,2246900
2013-10-30,39.35387420654297,39.81686136149648,39.184703798195216,39.70111372364547,1826800
2013-10-31,40.13739013671875,40.87638642869075,39.25593312716613,39.75453544934695,4457600
2013-11-01,40.69831466674805,40.75173743681028,40.18190814194848,40.262040598816576,2621600
2013-11-04,40.94761657714844,40.97432626333238,40.38668939213259,40.591471577927166,2560600
2013-11-05,40.82296371459961,40.92980925292903,40.45791661643356,40.57366425139853,2084100
2013-11-06,41.25923156738281,41.419496441120245,40.89418455419192,40.91199213976826,2871400
2013-11-07,40.449012756347656,41.330466332208815,40.41339757845722,41.330466332208815,2366200
2013-11-08,41.06335067749024,41.06335067749024,40.39558151614219,40.43119668656198,2028800
2013-11-11,41.045555114746094,41.39279803337407,40.66270041171703,40.92981087165402,2405900
2013-11-12,41.33937072753906,41.98933242275958,41.20581551222037,41.8735847959134,3261000
2013-11-13,41.56195831298828,41.58866799607368,41.1078733218364,41.21471884707804,2638000
2013-11-14,41.79345703125,41.82907221218764,41.36608504935013,41.49073478618127,2266200
2013-11-15,41.86467361450195,42.36327579417569,41.80234876659892,41.80234876659892,15553500
2013-11-18,41.82907104492188,42.11398569157107,41.6509985416535,41.90920350157012,2949300
2013-11-19,41.400146484375,41.90055615500734,41.12313155328551,41.85587720709877,2397900
2013-11-20,41.33758544921875,41.77544725183047,41.13205959371845,41.56992139633017,1947000
2013-11-21,41.91842269897461,42.11501413350289,41.34652406265754,41.543115497185816,1939800
2013-11-22,41.927364349365234,42.1507625057249,41.82907202394667,42.02566008356914,2379300
2013-11-25,41.668216705322266,42.04352389637053,41.57885541546459,41.84693587625296,1986000
2013-11-26,42.159698486328125,42.302673163757554,41.51631073350308,41.51631073350308,2135500
2013-11-27,41.93630599975586,42.266934346787664,41.89162704617626,42.17757643962847,1612000
2013-11-29,42.0167236328125,42.1507604748992,41.87374895598226,42.106081527536965,1346100
2013-12-02,41.55205154418945,42.0167200565335,41.43588356390722,41.99884779735278,2137600
2013-12-03,41.12312316894531,41.55204711723032,40.97121068648641,41.176739940775136,3432600
2013-12-04,41.02483749389648,41.266107912973965,40.435066494635535,40.60484786711879,2119800
2013-12-05,40.76569366455078,41.16781101834981,40.72101471608095,41.03377076415504,1914300
2013-12-06,41.3107795715332,41.73076912418461,41.06950919503887,41.67715234870205,1943200
2013-12-09,41.60567092895508,41.90055470195365,41.48056510685026,41.51630962745164,1537800
2013-12-10,41.61460113525391,41.757575794377566,41.50737099310735,41.64140781859435,1852700
2013-12-11,41.11419296264648,41.60567160696176,40.97121828669617,41.55205482518596,2470600
2013-12-12,41.12312316894531,41.409072467801984,40.95334183799433,41.033761882562274,1867700
2013-12-13,41.61460113525391,41.72183127740046,41.10525369907682,41.41800970066459,1956900
2013-12-16,42.07927703857422,42.40097093043985,41.65035298568183,41.75758314670858,2616600
2013-12-17,41.85588073730469,42.13289569175815,41.48057004389079,41.954176476265125,1782500
2013-12-18,42.776275634765625,42.80308573000456,41.56992702135354,41.89162089393948,1944700
2013-12-19,42.64223861694336,42.77627545744176,42.27586579885818,42.53500505400247,1550200
2013-12-20,43.026485443115234,43.17839455027384,42.77627719487565,42.86563850095596,3679100
2013-12-23,43.14264297485352,43.62518372244526,42.94605495118574,42.97286163423482,1088000
2013-12-24,43.49115753173828,43.50902979580304,42.93713098087404,42.93713098087404,692500
2013-12-26,43.70561218261719,44.53665354010104,43.41966283475018,44.42048555228472,1137800
2013-12-27,43.58943939208984,43.803903083752914,43.50008150902132,43.77709640058931,875000
2013-12-30,43.794960021972656,43.89325572688441,43.4285872910734,43.85751462319459,1200100
2013-12-31,44.09879302978516,44.17921649937662,43.786036986254565,43.786036986254565,1484100
2014-01-02,43.75029754638672,44.01837467323557,43.40179694060465,43.8128487623586,2127000
2014-01-03,43.4732666015625,43.93793159615492,43.46432876967568,43.78602254191972,1248200
2014-01-06,43.2945556640625,43.69667295556222,43.11583648908654,43.63412175563835,2163000
2014-01-07,43.48220443725586,43.9021939405123,43.32135753851018,43.47327001345192,1766300
2014-01-08,43.90218734741211,43.955800699752935,43.5447490908153,43.57155576698572,2036900
2014-01-09,43.777103424072266,43.97369148012002,43.61625648171528,43.90220584395319,1263900
2014-01-10,44.03624725341797,44.04518508935583,43.553709785128255,43.91114482057302,924500
2014-01-13,43.562644958496094,44.34900750400176,43.41967026011194,44.34900750400176,2818300
2014-01-14,44.08986282348633,44.17028630077497,43.401796053080346,43.58944969715865,1806500
2014-01-15,44.51877975463867,44.58133095929264,43.65199390616948,44.10772800725977,1942900
2014-01-16,45.18896865844727,45.21577534038555,44.25963171836159,44.581325536759294,4603200
2014-01-17,45.2336540222168,45.44811773453585,44.8762190467318,44.965576938406784,3094600
2014-01-21,45.38555908203125,46.0200088716683,45.35874899189953,45.966392100189374,3179000
2014-01-22,45.725135803222656,46.04682971345536,45.39450746605485,45.58216111076207,3421800
2014-01-23,45.19791030883789,45.71619218652916,44.96557434980208,45.22471699304015,2394000
2014-01-24,44.46516799926758,45.11749362227779,44.45623357278686,45.010260051796855,3320300
2014-01-27,43.83070755004883,45.28726415013222,43.71453958090751,44.456222926245374,3031400
2014-01-28,44.41154861450195,44.65281900226522,43.78603317312884,43.89326332031754,1837400
2014-01-29,43.66093444824219,44.3668734117301,43.59838323970885,44.20602647299146,2277900
2014-01-30,44.06304550170898,44.2238924174744,43.80390286977752,43.94687752725958,1424900
2014-01-31,44.054107666015625,44.40260818056202,43.34816880338923,43.34816880338923,2054300
2014-02-03,42.41884231567383,44.250706485632975,42.31160874807723,44.18815527559427,3840900
2014-02-04,42.87456512451172,43.044346461988205,42.31160092940703,42.44564115974113,2472400
2014-02-05,42.79413604736328,42.89243174885989,42.186492991551695,42.83881498201151,2099800
2014-02-06,43.57157897949219,43.750298203002224,42.53501157367677,42.53501157367677,2017600
2014-02-07,44.00050735473633,44.09879969127581,43.544773155280495,43.80391586408591,1695000
2014-02-10,44.10772705078125,44.331125179353855,43.84858440352864,43.84858440352864,1144200
2014-02-11,44.402610778808594,44.67962568521953,44.03623798454119,44.098789187797706,1948900
2014-02-12,44.36687850952149,44.83154370950665,44.27751719507388,44.57240441957258,1911700
2014-02-13,44.77791595458984,44.85833940738159,43.80390009690518,44.10772165092016,2135900
2014-02-14,46.03790283203125,46.09151962878622,44.599217835907446,44.599217835907446,3112500
2014-02-18,45.912784576416016,46.23447842863173,45.635769668389166,46.03788698365881,2559800
2014-02-19,46.055755615234375,46.44893506542415,45.19790768275595,45.20684210737597,3159200
2014-02-20,46.27914810180664,46.323827037045056,45.14428542107272,45.18896435631114,3579300
2014-02-21,46.92254638671875,47.11020342523755,46.09150839664384,46.38639218497004,3231300
2014-02-24,47.7803955078125,48.227191789998784,46.931481889901534,46.931481889901534,3118300
2014-02-25,48.12889099121094,48.182504357801626,47.63741581434938,47.63741581434938,1945400
2014-02-26,47.90478515625,48.62192541268048,47.71653737774718,48.3081756955976,2618300
2014-02-27,48.2812728881836,48.29920173237657,47.70756355231797,47.70756355231797,2088800
2014-02-28,48.61296844482422,48.77432469098745,48.05718771891688,48.31715093991084,2271500
2014-03-03,47.77033233642578,48.33507577139996,47.50140640268873,48.27232650084727,3223800
2014-03-04,48.254390716552734,48.41574350651582,47.94960714515039,48.146817630473286,2841100
2014-03-05,48.30818557739258,48.35300599769329,47.78826254666239,48.16475818068299,2315100
2014-03-06,48.944637298583984,49.12392237321913,48.31714466672854,48.31714466672854,2334700
2014-03-07,49.11495971679688,49.33009907095259,48.89085422813061,48.98946119027631,2638300
2014-03-10,48.57709503173828,49.222519807664085,48.29920646844178,48.87291586056351,1638100
2014-03-11,48.44264221191406,49.08806368011812,48.28128598996848,48.68467654483245,1456700
2014-03-12,48.43368148803711,48.46953919015913,47.86893806771936,48.11096900809628,1145000
2014-03-13,48.14681625366211,48.66674256277744,47.86892767151517,48.6129560212758,1908800
2014-03-14,48.29922103881836,48.657787807274055,47.99443740486271,48.021328972112734,2100500
2014-03-17,48.4785041809082,48.96256946981204,48.2543986773047,48.702609684511714,1942100
2014-03-18,48.78327941894531,48.872923663011896,48.41574656721796,48.46057039904038,1753400
2014-03-19,48.61296844482422,48.97153864064892,48.26336438466349,48.702612703569805,1339800
2014-03-20,48.40679550170898,48.810186148139046,48.12890340759515,48.37990393180668,1509600
2014-03-21,49.52731704711914,49.52731704711914,48.85500052611752,49.12392645060244,5579100
2014-03-24,49.43766403198242,50.02930228791626,49.097022787784816,49.67073219722638,3414800
2014-03-25,49.73348617553711,49.778306586237456,49.42870259536535,49.518346836344186,2996700
2014-03-26,49.8231315612793,50.33409177807527,49.64384649478042,49.93070123334734,5368000
2014-03-27,49.08805847167969,49.82312752675935,48.91773955306567,49.82312752675935,4149200
2014-03-28,49.6976318359375,49.89484575983347,49.08806463442119,49.08806463442119,3410500
2014-03-31,50.21755599975586,50.37891221773649,49.8589858665593,50.06516249629495,2800000
2014-04-01,51.033302307128906,51.08708885561984,50.48648436599543,50.58509132843962,2196100
2014-04-02,51.02432632446289,51.08707899537971,50.6657596624649,50.97950591916036,2592800
2014-04-03,50.728515625,51.23051312170288,50.52233899766976,51.19465542488592,2287600
2014-04-04,50.02034378051758,51.22154932200216,49.96656065241929,51.11397964622724,3727100
2014-04-07,50.02034378051758,50.36994779146979,49.57213280861406,49.88588254069352,3518500
2014-04-08,50.13688278198242,50.31616786607126,49.66178021578876,50.15481163234916,4702900
2014-04-09,50.80024337768555,51.03331505981,50.262391436686286,50.41478498570293,2631800
2014-04-10,49.59006118774414,51.32015579645735,49.49145422772759,51.32015579645735,3540900
2014-04-11,49.57213592529297,50.0830961918216,49.30321000915872,49.43767467701512,2862100
2014-04-14,49.67970657348633,50.08309716531793,49.41078065212481,49.96656476512773,2055500
2014-04-15,50.28927230834961,50.31616729338288,49.303209486451976,49.74245776649128,2576300
2014-04-16,50.37891387939453,50.85401641490889,50.02930986876484,50.85401641490889,2002400
2014-04-17,50.42373275756836,50.71955363114365,50.30719695104674,50.70162478248046,1311700
2014-04-21,50.41477584838867,50.66577291941969,50.190670343659946,50.531308248751,1150000
2014-04-22,51.1408576965332,51.20360694245222,50.3520056369517,50.3520056369517,1418500
2014-04-23,51.2843017578125,51.43669527587007,50.836090758175104,51.0601962579938,1663000
2014-04-24,51.66079330444336,51.85800379044959,51.35600973198495,51.54425750390919,2398400
2014-04-25,51.30223083496094,51.67872985450175,51.14984073580819,51.607014452845,2814100
2014-04-28,50.17273712158203,51.38290537384857,49.43767140368144,51.257406849267255,3803200
2014-04-29,50.755401611328125,50.80918815064403,50.047230984679885,50.37890609485016,2933200
2014-04-30,51.929718017578125,52.33310853378796,51.09604542393712,51.34704244754414,4419400
2014-05-01,52.48550415039063,52.50343299962451,51.8490453906905,51.87593695475214,3077800
2014-05-02,52.969573974609375,53.16678790089887,52.17175897400685,52.26139980255021,3612200
2014-05-05,52.78131484985352,52.91577606379739,52.23449702224645,52.90681335069887,2025800
2014-05-06,51.99247360229492,52.79925473292052,51.9655820378002,52.7813258833979,2756000
2014-05-07,52.09107208251953,52.10003479603218,51.31118606296146,51.38289802979615,3219800
2014-05-08,51.893856048583984,52.59306393937109,51.6428590456507,52.14485305151727,1925600
2014-05-09,52.14484786987305,52.261383646616615,51.55320969348031,52.18070555803682,2412400
2014-05-12,53.08611679077149,53.37297158344769,52.44069179746057,52.46758336565558,1546200
2014-05-13,52.77236175537109,53.23850160194752,52.70064977413239,53.05025380417008,1862900
2014-05-14,52.512393951416016,52.86199792802726,52.37792930522184,52.78131982422635,1101600
2014-05-15,51.929718017578125,52.46756975947258,51.4097917034459,52.46756975947258,1504400
2014-05-16,52.30621719360352,52.31518332768667,51.75043656568542,51.9386843464931,1529400
2014-05-19,52.53929901123047,52.611010999934415,51.99248099159999,52.144871104832674,1247400
2014-05-20,52.7902946472168,52.85304391794672,52.29726319737653,52.34208361652951,2163800
2014-05-21,52.85323715209961,52.99715325354839,52.475458672508005,52.51143855567783,2394500
2014-05-22,52.85323715209961,53.28498888767646,52.72731099223574,52.78128081699048,2293000
2014-05-23,53.3029899597168,53.36595648808088,52.90722143042144,53.051137571186246,1619200
2014-05-27,53.47389221191406,53.74373454430025,53.383942480297726,53.581828458622255,1897800
2014-05-28,53.46489334106445,53.58182627177759,53.24902085645852,53.46489334106445,1708700
2014-05-29,54.58024978637695,54.6162296800847,53.42892063758125,53.63579987955351,2784300
2014-05-30,55.425743103027344,55.52468607083332,54.64319947864565,54.76013238889187,3821600
2014-06-02,55.353797912597656,55.64163018714875,54.913052812123645,55.5067073072892,3493200
2014-06-03,55.308815002441406,55.34479145698784,55.00299283579686,55.317808258270325,2427200
2014-06-04,55.51570510864258,55.55168157025902,55.06596674173843,55.18289624664687,1874900
2014-06-05,56.04638671875,56.09135986133027,55.38077254237715,55.72257460220271,1644600
2014-06-06,56.532108306884766,56.54110499522858,56.01940687068724,56.055386761600005,1525700
2014-06-09,56.50511932373047,56.79295155912428,56.217287088336654,56.28025017537712,1568600
2014-06-10,56.39719772338867,56.5231239301364,56.15433856841872,56.43317761995425,1972300
2014-06-11,55.56068420410156,55.749573514917,55.272851892983255,55.51571104884529,2622200
2014-06-12,55.2728385925293,55.70458695531398,55.0659593831469,55.61464066644545,1702900
2014-06-13,55.20988464355469,55.44374709206518,54.86808251305639,55.31782089431095,1340800
2014-06-16,55.425743103027344,55.58764915375882,55.1559008288851,55.1559008288851,1239000
2014-06-17,56.172325134277344,56.28026138624288,55.19189531490872,55.32681477205776,1369500
2014-06-18,56.77496719360352,56.90989006836395,56.21729261164079,56.24427581410038,1791200
2014-06-19,56.99983215332031,56.99983215332031,56.04638913704826,56.04638913704826,1411500
2014-06-20,57.17073822021485,57.65645301291786,56.90988916315042,57.125761641855945,4750000
2014-06-23,57.377628326416016,57.43159474071413,56.9638698043819,56.99984627017003,1390200
2014-06-24,57.188720703125,57.64744880270997,56.77495888233802,57.16173407338473,2818900
2014-06-25,57.053802490234375,57.233698501140005,56.86491322283743,57.16173872428535,2966400
2014-06-26,57.55750274658203,57.64744559286215,56.92786851031579,57.28765705158897,2031700
2014-06-27,57.548526763916016,57.791385918043154,57.31466429951495,57.4675737125403,2345500
2014-06-30,57.65645980834961,57.84534910728736,57.37762420455528,57.58450001947908,1133700
2014-07-01,58.16916275024414,58.25011923036496,57.72842104169452,57.85434724413727,1588400
2014-07-02,58.78981018066406,58.81679338941629,57.980279605776815,58.28610531738492,1815600
2014-07-03,58.96969223022461,59.12260848981559,58.67287012475906,58.6998533286684,963400
2014-07-07,59.248531341552734,59.25752116737361,58.78979631357708,58.91572249969393,1488200
2014-07-08,58.39402389526367,59.09561460138181,58.22312799406977,58.94270521414322,2018600
2014-07-09,58.84376907348633,58.91572886259976,58.41202406373216,58.69985635772267,2219300
2014-07-10,58.97869110107422,59.19456360279849,58.06122782189878,58.06122782189878,2627600
2014-07-11,58.48395919799805,59.0686202973645,58.44798617684849,58.75380489384752,2136300
2014-07-14,58.75381851196289,59.239536759596334,58.58291574081518,58.83477498446648,1998800
2014-07-15,58.44799423217773,58.98767883579515,58.160161986084304,58.789792879894286,2346600
2014-07-16,58.21413803100586,58.717842829493634,58.1241917259135,58.59191662987169,1857300
2014-07-17,57.00883865356445,58.33106717246401,56.99984196437316,58.00725498620891,3033300
2014-07-18,58.37603378295898,58.4569833844617,57.20671143653188,57.36861750199929,1992400
2014-07-21,58.43900680541992,58.59191620922548,58.05223152008266,58.31308060670204,1565200
2014-07-22,59.46439743041992,59.653286689288734,58.78079330608868,58.79878668072099,2189700
2014-07-23,59.78822326660156,59.82420316165943,59.167582086164096,59.2755217713377,1705100
2014-07-24,60.11203384399414,60.33690303521441,59.48239599109952,59.72525856059675,3008300
2014-07-25,59.6982650756836,60.37287253317791,59.608311924714805,60.01308051668856,1424200
2014-07-28,59.51838684082031,60.32791745071731,59.38346392876009,59.79722935573528,2942500
2014-07-29,59.08662796020508,60.16599727972081,59.05064806789285,59.43742333217083,3228200
2014-07-30,58.83476638793945,59.78820936668944,57.890313234016446,59.56334022170413,3930700
2014-07-31,58.20513534545898,58.771803185379554,57.980266174662525,58.75381667119933,3291400
2014-08-01,58.35803985595703,58.70883518407649,57.85433515146999,58.277090255219576,2908500
2014-08-04,59.3564567565918,59.59032258558675,58.37603059218409,58.5019567626133,2675600
2014-08-05,58.385040283203125,59.27552036170311,58.259107222263765,59.14059747406053,2939000
2014-08-06,58.02524566650391,58.492970545755455,57.72841669916164,57.87232940721488,2358500
2014-08-07,57.78238296508789,58.90672887275013,57.674450149928525,58.34006100577498,2545700
2014-08-08,58.41202545166016,58.43900865760303,57.83636085000077,58.23212597460199,1774800
2014-08-11,59.11360931396485,59.29350190743378,58.46598499753658,59.05964290841667,1536000
2014-08-12,58.97869110107422,59.37446307295462,58.798798493381184,59.08663078316791,1586000
2014-08-13,59.86018753051758,59.95913053370565,58.64588828456655,59.20356640594803,1623100
2014-08-14,60.49880599975586,60.57975561042797,59.8601783532013,60.04007095189228,1685600
2014-08-15,60.59775924682617,60.88559157093869,60.29193354232066,60.858608362813136,2529100
2014-08-18,60.85858154296875,61.11942368154095,60.57074248324047,61.04747077906977,1750700
2014-08-19,61.4630241394043,61.5893236581531,60.9578260644091,61.01195246307071,1956700
2014-08-20,61.83290481567383,61.92311777233344,61.22847043496628,61.34574659034304,1377100
2014-08-21,61.7426986694336,62.01333756926478,61.64346234131971,61.85997483774629,1204600
2014-08-22,61.751712799072266,61.85094912341116,61.49009727069652,61.59835007338776,1084200
2014-08-25,62.0313835144043,62.19376960538996,61.859974062028286,61.92312382614449,1415400
2014-08-26,62.23886489868164,62.31103801520343,61.75170668637039,62.22984842122183,1147400
2014-08-27,62.13965606689453,62.43736514211036,62.04944307274708,62.28400236377866,1421400
2014-08-28,62.23886489868164,62.35614793373135,61.49910766135135,62.04941562991736,1382300
2014-08-29,62.60876083374024,62.6899504457146,62.112579151201054,62.54561106349059,1393100
2014-09-02,62.63581466674805,62.87037387092936,62.06746681953212,62.86135051001261,1833700
2014-09-03,63.1500244140625,63.33045030212296,62.64482642124806,62.78916575513514,2911500
2014-09-04,63.61913299560547,64.03412490855908,63.44773047448755,63.546966773306096,2832400
2014-09-05,63.89882278442383,63.89882278442383,63.339491362631726,63.339491362631726,2367300
2014-09-08,64.11534118652344,64.34990043438081,63.73644255116008,63.92589186884175,2313100
2014-09-09,63.85371398925781,64.32283245011635,63.79958758331586,64.05218665478962,1571300
2014-09-10,63.86275100708008,64.08828692380965,63.60112851773659,63.96198736106589,1789300
2014-09-11,64.41304779052734,64.530323968652,63.61014061974547,63.88980290447818,2869100
2014-09-12,63.70936965942383,64.25967768641188,63.34851092131246,64.17848120100304,1640500
2014-09-15,63.790557861328125,63.97099066782589,63.55599865428493,63.63719513791087,1412900
2014-09-16,64.178466796875,64.25966326406021,63.44773300624015,63.60109569860438,2199600
2014-09-17,64.71076202392578,65.03552738055171,64.24164350793743,64.3047932832271,1476700
2014-09-18,65.36028289794922,65.37832961930586,64.73780866729575,65.12573058277314,1677300
2014-09-19,65.12571716308594,66.10904990736562,64.99039431202564,65.83841108805113,3799000
2014-09-22,64.6025161743164,65.2430374275974,64.30480707717136,65.2430374275974,1961100
2014-09-23,63.980018615722656,64.77390934101774,63.961978773242784,64.49424016151197,1889200
2014-09-24,64.40400695800781,64.48520343069082,63.85369901726888,63.96195868657727,1213800
2014-09-25,63.61913299560547,64.65659901237721,63.5650066081794,64.38596019244076,1508100
2014-09-26,63.799583435058594,64.11533225387076,63.619150622303046,63.91685960124367,3139700
2014-09-29,63.547000885009766,63.7725367974264,63.12299226841692,63.39363123363098,1664600
2014-09-30,63.05982208251953,63.71838287929676,63.05982208251953,63.35753104244724,1989100
2014-10-01,61.29165649414063,62.77117188461508,60.75036466797704,62.75312515291017,4252100
2014-10-02,60.263179779052734,61.49009531104358,59.07235080774488,61.32770922937398,4099800
2014-10-03,61.43595504760742,61.58931775097765,60.47968538799668,60.58794505774403,3763600
2014-10-06,60.74130630493164,61.69757594161723,60.52478697062768,61.42693021514064,2673400
2014-10-07,59.541465759277344,60.813491286064334,59.523425919301,60.136883720618,3238200
2014-10-08,59.69483947753906,59.84820223539733,58.9460586487355,59.42420053122613,5241600
2014-10-09,58.26041030883789,59.7128614314307,58.21530039509516,59.17156999774391,3565600
2014-10-10,57.33121871948242,58.40476824525409,56.9432967392867,58.09804275909448,4100400
2014-10-13,55.6712760925293,57.43045665426683,55.59910640007164,57.331220315908666,6500400
2014-10-14,56.42906951904297,57.628921904342,55.98702117601996,56.03212765816868,5234700
2014-10-15,56.113319396972656,57.646963844172674,53.77676788543367,55.86071690829012,6844700
2014-10-16,56.64559173583984,57.33121928821733,54.7240250987621,54.778154948188366,2919200
2014-10-17,58.6483268737793,58.94602887607828,57.04250976043754,57.403368389400455,3110300
2014-10-20,60.46164321899414,61.01195120338376,58.54910375582392,58.58519031512245,3737000
2014-10-21,61.724647521972656,61.9772465634986,60.714251355868896,60.96685039739484,2820800
2014-10-22,61.724647521972656,62.81624017017128,61.544221601684896,62.617774410977816,2353800
2014-10-23,61.733673095703125,63.15003795743616,61.65247661069773,62.24789455804422,3434800
2014-10-24,62.509498596191406,62.56362498174685,61.38181967841368,61.70659175735813,2363900
2014-10-27,63.38458251953125,63.51088201563217,62.25690353091139,62.51852588220795,2317400
2014-10-28,64.90922546386719,65.14378471331109,62.45540079719586,63.014725391427184,4551100
2014-10-29,66.78568267822266,67.8321724494055,65.03552207329004,66.75861947427978,4337100
2014-10-30,68.56290435791016,68.84256663371343,66.30754566192627,66.31656902389659,3342900
2014-10-31,68.33735656738281,70.35815567928505,67.8501983480943,70.35815567928505,3577300
2014-11-03,68.38247680664062,68.6982256400886,67.61564936179909,68.48171313755404,2427500
2014-11-04,67.2728271484375,68.19301030710466,67.04729131826535,68.02160775648281,3395500
2014-11-05,67.57054901123047,67.84118792948121,66.70449208377255,67.83217145017223,3106700
2014-11-06,67.88629150390625,67.9674811069405,67.15555754536608,67.72390541502976,2331700
2014-11-07,68.11182403564453,68.15693395700312,67.62466579276393,67.95846131551758,1803200
2014-11-10,69.0680923461914,69.16732866484573,67.95845988532211,68.12986244070072,1434600
2014-11-11,69.59135437011719,69.71765391916712,69.0681094481622,69.28462886036999,1463000
2014-11-12,69.73567199707031,69.9160978836475,68.90569502351867,69.08612779290225,1319200
2014-11-13,70.4483871459961,70.5927334190358,69.7627629974849,69.80786604570297,1443300
2014-11-14,70.33108520507812,70.71900706829877,70.10554939815465,70.44836134686796,1456700
2014-11-17,69.618408203125,70.13262969297205,69.25754944750413,69.55525843710197,2517600
2014-11-18,69.59127807617188,69.84453349978428,69.2023481325692,69.54605093594421,2442900
2014-11-19,69.08474731445312,69.96210122433412,69.03048027695662,69.62744529218382,1783400
2014-11-20,68.64156341552734,69.11190083193983,68.14409247522428,69.07572049985481,2324700
2014-11-21,68.72296142578125,69.69076274855247,68.659647578523,69.47368078593126,2211300
2014-11-24,69.61840057373047,69.85356924442097,69.16615684585194,69.16615684585194,2092500
2014-11-25,69.68171691894531,69.91688559807082,69.13902580616421,69.66362330479387,4748000
2014-11-26,70.07969665527344,70.23345787875657,69.4375044382468,69.4827315748911,1010900
2014-11-28,71.26455688476562,71.64443990360694,70.68568555109583,70.84849354498363,981200
2014-12-01,70.05255126953125,71.26456805866489,69.98019751699582,71.00226586623529,1903100
2014-12-02,70.05255126953125,70.72187696084475,70.00733103678307,70.30581355582625,2659900
2014-12-03,70.67666625976562,70.99323556537226,69.82644563839926,70.09779470074399,1400200
2014-12-04,70.49574279785156,71.45449713344647,70.05253904966594,70.5500098279598,1499100
2014-12-05,71.44546508789062,71.62636672677415,70.52289088200637,70.604291443985,1598700
2014-12-08,71.44546508789062,71.68063376809324,71.00226814883685,71.46355870212494,1459600
2014-12-09,70.8846664428711,71.02033400632827,70.09776007136993,70.62236431903737,1669400
2014-12-10,70.07969665527344,70.96609056768743,69.94402214603271,70.82137615167159,1655200
2014-12-11,70.20633697509766,71.25553910703317,69.87167404558116,71.07464432932846,1427900
2014-12-12,69.42845916748047,70.47766102978434,69.38323203433038,69.7088480710744,1568600
2014-12-15,70.1611099243164,70.8123421660353,68.98527316558025,70.0977960619656,2640100
2014-12-16,68.99430847167969,70.48671429335006,68.94004142748187,70.40530682636106,3311600
2014-12-17,69.41036224365234,69.71789155288475,68.39734075604284,69.00334566747942,2353700
2014-12-18,69.96211242675781,70.4414897365792,69.56414258690768,70.22441465114345,2353400
2014-12-19,70.03447723388672,70.52290138054464,69.62746056201827,69.94402985132628,4492400
2014-12-22,70.96610260009766,71.1017771323422,69.96212072245869,70.01639467577253,1257100
2014-12-23,71.0384521484375,71.48164911039916,70.85755050020356,71.22839370356392,1577000
2014-12-24,70.86658477783203,71.06557310536,70.42338789423223,70.63141612705434,736900
2014-12-26,71.17411804199219,71.44546013045178,71.02034993443783,71.15602442901334,891500
2014-12-29,71.5268783569336,71.68063958694759,70.69475145259516,71.20126228120247,1115100
2014-12-30,70.82136535644531,71.65349209859968,70.59524350907569,71.20124840386042,1184600
2014-12-31,70.57718658447266,71.68066287735829,70.53196633190693,71.15605826259386,1422000
2015-01-02,70.32392120361328,71.05655405873439,69.38325313370679,70.85756565346847,1277300
2015-01-05,68.39736938476562,70.31487908930907,68.12602028661232,70.22443169015604,2034800
2015-01-06,67.53807830810547,68.3792519384491,66.85067279350667,68.26167105058947,2551500
2015-01-07,69.08474731445312,69.25660213411393,67.82751034071379,68.27071414923995,1979400
2015-01-08,71.37313079833984,71.48166491057812,69.08477102203841,69.46466111695378,2396100
2015-01-09,71.21028900146484,71.53589808465297,70.5409634231084,71.26455603188111,2350900
2015-01-12,70.46863555908203,71.45452377734821,70.2153732225295,71.34598277596855,1715400
2015-01-13,70.02542877197266,72.00625883653153,69.79930687056431,71.30979951580584,2504700
2015-01-14,69.25660705566406,69.66362366719427,68.26167219360758,68.9400378132859,1902300
2015-01-15,68.83148193359375,70.30580064440335,68.75008138918093,69.36513302727606,1787300
2015-01-16,68.64156341552734,68.91291245581861,68.08982542744313,68.74105760358796,3146500
2015-01-20,69.03047943115234,69.57317050154222,68.29784683116058,69.38322897194033,1614600
2015-01-21,68.97620391845703,69.72692313824642,68.68676825643581,68.71390177151741,1658100
2015-01-22,70.98417663574219,71.21029849353856,69.06666079738001,69.35609649933171,2106200
2015-01-23,71.01131439208984,71.31883682471208,70.48670999453111,71.1469888950022,1631000
2015-01-26,71.83440399169922,71.86153751576057,70.99323024233337,71.1379515715843,1373200
2015-01-27,71.10175323486328,71.7529852502017,70.70377658089178,71.17411388116555,1274300
2015-01-28,69.55508422851562,71.11984360636112,69.47367677206307,70.97512920699971,2304500
2015-01-29,69.74504089355469,70.06161018024953,68.75914579991317,69.46465193972396,2247000
2015-01-30,67.38427734375,69.2294315380238,67.32096353368271,69.14802412468715,3178100
2015-02-02,67.65567779541016,67.8184858455866,66.37130011037694,67.18534036125912,3253500
2015-02-03,69.31087493896484,69.40132920990762,67.57426058765904,67.8184760780973,2757600
2015-02-04,68.6867904663086,69.54605092495675,68.25263338254683,68.58729627837762,2261600
2015-02-05,68.46971893310547,69.01241709588018,68.09888254928279,68.6596674304929,2541300
2015-02-06,67.13107299804688,68.97622859120185,66.57933499172977,68.5420714925271,3403400
2015-02-09,66.38034057617188,66.85067796538148,65.81955581232731,66.31702672385816,2465800
2015-02-10,69.85359191894531,70.04353351822647,67.27579631273018,67.27579631273018,3532400
2015-02-11,69.66363525390625,70.23346688565537,69.16617119048392,69.76312944672934,1938600
2015-02-12,71.47261047363281,71.66255895116663,69.76312938137312,70.1611061522926,2179300
2015-02-13,71.81633758544922,71.87060464891857,71.02038385086009,71.53594165590316,1786000
2015-02-17,73.52576446533203,73.55289797690773,71.2374129799204,71.85246454483136,3033000
2015-02-18,73.67049407958984,73.82426217817002,72.39517046666974,72.5579784705203,3480400
2015-02-19,75.16289520263672,76.67338737671446,74.03228604826285,75.77794685864373,3927400
2015-02-20,75.07247161865234,75.23527966445545,74.21321114955936,75.23527966445545,1786700
2015-02-23,75.02723693847656,75.07246407470203,74.47549899984809,74.84634219495895,1837600
2015-02-24,74.39412689208984,75.03631244812055,74.21323207937786,74.82828410357126,1360600
2015-02-25,74.67518615722656,75.1103946327368,74.3487763418369,74.54824977540991,1344300
2015-02-26,75.45492553710938,75.5002559963293,74.4938340244922,74.4938340244922,1430100
2015-02-27,75.34612274169922,75.81760657393119,74.98344446710064,75.53652727942311,2035100
2015-03-02,76.91471862792969,76.95098715435,75.36427544041011,75.57281082043431,2349700
2015-03-03,76.08055114746094,77.00537421248595,75.726934800599,76.87843784900238,1567600
2015-03-04,75.39144897460938,75.89012547563703,75.05597040963637,75.75412719559148,1097600
2015-03-05,75.16481018066406,75.90829775937569,75.06507345153685,75.51841970483697,1189200
2015-03-06,73.9135513305664,75.16479109924309,73.73221564228638,74.81118166483787,1667100
2015-03-09,74.78398132324219,74.83838064572886,73.77755235216067,73.8410205342328,1913500
2015-03-10,73.67779541015625,74.14020335929669,73.269779851048,74.14020335929669,1927000
2015-03-11,73.50553894042969,74.22182663350806,73.36047178047772,73.43300190169732,1284200
2015-03-12,75.07412719726562,75.25546289506764,74.01329192083216,74.01329192083216,1599100
2015-03-13,74.42131042480469,75.15572902137728,73.91355800027917,74.82025035852236,1374600
2015-03-16,75.6997299194336,75.9082721693549,74.67517022267783,74.90184327291242,1163900
2015-03-17,74.7477035522461,75.61812719188137,74.57542982900681,75.61812719188137,1373100
2015-03-18,75.4640121459961,75.6816163869673,73.91356204122317,74.59358134708305,1676500
2015-03-19,76.4432144165039,76.54295110831447,75.31891806588115,75.55465996629813,1486600
2015-03-20,76.19839477539062,77.0688182454735,75.86291625272408,77.0688182454735,3230400
2015-03-23,76.4069595336914,77.05071717479916,75.90828290316747,76.21655497467171,2046700
2015-03-24,74.57543182373047,76.1802739390281,74.53916330641987,76.13494348052413,2108700
2015-03-25,72.34497833251953,74.33063665253175,72.33590947275553,74.22183108790328,3328900
2015-03-26,73.06127166748047,73.50554898477824,71.24788695645348,71.83723837103999,3163900
2015-03-27,73.27888488769531,73.80476817862572,72.79833898710925,72.95247504625675,1777600
2015-03-30,73.8954086303711,74.17648097720179,73.58713662642928,73.73220377019248,1082900
2015-03-31,72.82551574707031,74.09488618477198,72.68951053633222,73.70500826999603,1920400
2015-04-01,72.83458709716797,72.91618607589459,71.73749035004145,72.91618607589459,1364300
2015-04-02,72.67140197753906,73.37862098880721,72.49005933521742,72.81646917388188,1143000
2015-04-06,72.78924560546875,73.04311830384162,71.66494926231218,72.0185586518333,1798300
2015-04-07,71.76469421386719,72.75298546307683,71.74655649474585,72.6260490992795,2416200
2015-04-08,72.70765686035156,73.3151390337102,71.93696288077753,72.05483730554275,2202800
2015-04-09,72.73484802246094,73.06125776172128,72.00042956788135,72.54444349414446,1095900
2015-04-10,72.82551574707031,73.14285662711764,72.58977384295844,72.85271540571546,851000
2015-04-13,72.72577667236328,73.2425909222356,72.39029808586253,72.70764587303098,1027100
2015-04-14,71.86442565917969,72.73484934047593,71.65588340961848,72.40843959530078,1652700
2015-04-15,71.59244537353516,72.49913795463492,71.49270863621295,72.0185919934545,1381300
2015-04-16,71.18444061279297,71.8916597603172,71.08470386967896,71.22070914824496,1711200
2015-04-17,70.39556884765625,71.01211970643706,69.95129168864855,70.64944150994637,2927700
2015-04-20,72.32685852050781,72.47193264259823,70.46814302444987,70.71294695858384,3587600
2015-04-21,72.96150970458984,73.21538236947166,72.10921697176265,72.61696230152627,2344300
2015-04-22,73.25167083740234,73.62341107867886,72.64418866414974,73.48741276937842,1572000
2015-04-23,73.75941467285156,74.28529784888364,72.74392375914883,72.95245910713577,1236700
2015-04-24,74.20368957519531,74.33969479465023,73.53273925473398,73.97701651527473,1131800
2015-04-27,73.77755737304688,75.31893156684596,73.69595146625021,74.1492976311927,2220700
2015-04-28,73.73223876953125,74.1855850499434,72.61700387601066,73.63250203443936,1803700
2015-04-29,76.04429626464844,76.46137395053812,74.40317826955524,74.72958809634095,5530200
2015-04-30,72.5807113647461,74.99250895277387,71.7918866823113,74.62076875818667,5499500
2015-05-01,73.41487121582031,74.19462708963329,72.8889880604557,73.12472997794893,1877700
2015-05-04,72.99777221679688,73.6959219878421,72.58975668104696,73.45111820040074,1678300
2015-05-05,70.91239166259766,72.816443779091,70.88519200511394,72.78924412160728,2694100
2015-05-06,71.46549224853516,72.00950628643739,70.64040578984476,71.03934572829904,2273600
2015-05-07,71.15723419189453,72.04578901489063,71.02122892622754,71.42923780571337,2587000
2015-05-08,72.8073959350586,73.32421027984984,71.84629737363844,71.99137146498994,1865600
2015-05-11,72.2815170288086,72.93433664368713,72.16364259319707,72.67139502561028,1852800
2015-05-12,71.7737808227539,72.30872607140172,71.27509718629007,71.76471196095055,1247200
2015-05-13,71.33855438232422,72.36311424762879,71.18441834301102,71.57429633025323,1647200
2015-05-14,73.06127166748047,73.16100837998805,71.82816951058102,71.96417474741078,1847400
2015-05-15,73.3514175415039,73.89543160540282,72.80740347760499,73.37861720707173,1965800
2015-05-18,73.65062713623047,73.94076842926532,73.12474388088165,73.12474388088165,1416300
2015-05-19,73.3514175415039,73.91356240994332,73.15194410398767,73.6052903101558,1553500
2015-05-20,73.36050415039062,74.15176719908342,72.53285321560142,73.59696989836797,1246600
2015-05-21,73.18769073486328,73.50601532406507,72.7875072861778,73.08764487269191,1330400
2015-05-22,72.89665985107422,73.45145718301673,72.36914649628355,73.11493860724546,934900
2015-05-26,71.58699798583984,72.96944677324676,71.41419015267424,72.8875878747624,1209200
2015-05-27,72.03263092041016,72.46919538989052,71.65064134646286,71.86892011172462,1530600
2015-05-28,71.87799835205078,72.04170911807174,71.25043925914464,71.95985720453878,1308400
2015-05-29,70.93213653564453,72.2782040194596,70.77752269206549,72.14177718261337,2532200
2015-06-01,70.91393280029297,71.62334385779442,70.3591355498971,71.12311455368159,1928200
2015-06-02,71.33231353759766,71.55968926518926,70.57742445664395,70.70475430897874,1378000
2015-06-03,72.19634246826172,72.65109394827108,71.45055031860464,71.73250095470114,1677800
2015-06-04,71.37781524658203,72.2236535126712,71.23229140172594,71.71432699463375,1515000
2015-06-05,71.28682708740234,71.55058373252629,70.75932073611014,71.15949725030191,837900
2015-06-08,69.9953384399414,71.13221700141192,69.93167351805731,71.00488715764371,2038200
2015-06-09,70.32278442382812,70.47739829649201,69.64975402479358,69.8862198515883,1205500
2015-06-10,70.24092102050781,71.05946818422773,70.24092102050781,70.4591998015693,1344500
2015-06-11,70.27727508544922,70.50465077503958,69.69519387521431,70.40461185545877,2253900
2015-06-12,69.6952133178711,70.35915356983267,69.48603151090818,69.98625400417926,2104500
2015-06-15,70.04991149902344,70.20453226826622,68.99489172529552,69.1676994997075,1754400
2015-06-16,69.78614044189453,70.25907876034525,69.6406166891685,69.76794650332656,1463700
2015-06-17,70.04991149902344,70.13177036967627,69.14040858351883,69.80434876497809,1546400
2015-06-18,71.07765197753906,71.39597660006656,70.35914386443051,70.36824083620454,1506700
2015-06-19,70.6137924194336,71.18677664956486,70.56831450669632,71.0594468206468,1810700
2015-06-22,70.85939025878906,71.29594786348063,70.75934436209765,70.94124220755947,1312300
2015-06-23,70.56834411621094,70.93214675388998,70.32278132567852,70.75934587868501,1212300
2015-06-24,69.45874786376953,70.58652966125068,69.34050803069925,70.55014870791808,2098400
2015-06-25,69.2768325805664,69.904391787112,69.21316765663832,69.52240224354351,1335100
2015-06-26,69.14041137695312,69.84073253600195,69.01308151875457,69.61335679793929,3597100
2015-06-29,67.14860534667969,68.66747362779923,67.09403045047152,68.4310009147823,2025800
2015-06-30,67.65792083740234,68.29457009804453,67.25773733702351,67.72158576346656,1828800
2015-07-01,68.20362091064453,68.59470743739638,67.82163135585151,68.41280963195871,1854600
2015-07-02,68.03079986572266,68.46735724465775,67.75794629967241,68.26726555474815,1226500
2015-07-06,67.58515167236328,68.00352213279452,67.15768424091343,67.35777596958832,1700100
2015-07-07,68.61289978027344,68.68565473737692,66.72113211645627,67.58515708055849,2767900
2015-07-08,67.266845703125,68.16725179253758,67.21227773981444,67.9216890186824,2016200
2015-07-09,67.46693420410156,68.81300172490637,67.45783723100658,68.41281817621571,1598800
2015-07-10,69.0949478149414,69.29503959616365,67.83982916507743,68.42191750088647,1416800
2015-07-13,70.01353454589844,70.37733014564408,69.59515711606964,69.81344280266457,1756000
2015-07-14,70.26820373535156,70.63200632320742,69.66792842454579,69.66792842454579,1214100
2015-07-15,70.35913848876953,70.95940673982237,69.9407680255616,70.15904675876664,1637200
2015-07-16,71.16859436035156,71.63244273295602,70.64108106907243,70.64108106907243,1756500
2015-07-17,70.66837310791016,71.19588645939132,70.03172384850633,70.03172384850633,1715700
2015-07-20,70.78662872314453,71.17771533803874,70.65020186884041,70.70476983497883,1276000
2015-07-21,69.66793060302734,71.04128211912258,69.47693579969608,71.04128211912258,2271100
2015-07-22,69.96807098388672,70.18634977631613,69.34051164932477,69.6133653440798,1601900
2015-07-23,67.86711120605469,69.95896378388235,67.33959784074987,69.95896378388235,3260600
2015-07-24,67.32137298583984,68.03988080406944,66.67562703402797,68.03079077498235,2747300
2015-07-27,67.21227264404297,67.66702414104061,66.32095665678644,66.88485101108809,2378000
2015-07-28,67.83981323242188,68.79479398616859,67.33049386453348,67.47601764904786,2632500
2015-07-29,70.03172302246094,70.36824159215162,68.01262548222968,68.03081942597319,3417900
2015-07-30,66.06627655029297,69.24043907734534,65.62062216360717,69.12220622261994,6515300
2015-07-31,66.03900909423828,67.19407477604683,65.3841658665535,67.16679079805276,3438900
2015-08-03,66.00259399414062,66.31182844230777,65.42960993585716,65.62970158956182,2314200
2015-08-04,65.6843032836914,66.02991190206015,65.37506867655581,66.02991190206015,1862100
2015-08-05,64.30186462402344,66.7575270897876,64.06539882058368,66.46648638335901,4158500
2015-08-06,64.51104736328125,64.6474741995833,63.72887423670378,64.54742831555895,3782400
2015-08-07,64.91122436523438,65.00217326729486,63.72886782157876,64.51104086942051,2691800
2015-08-10,65.98444366455078,66.12996053240938,65.35688439083314,65.62064108646872,1788300
2015-08-11,65.6115493774414,65.93897103008672,65.19317880771852,65.5115034869688,1926900
2015-08-12,65.72975158691406,65.84799136897126,63.90165630862179,64.69291915061403,2758000
2015-08-13,65.757080078125,66.16635371728778,65.12952068838096,65.31141854157369,1533100
2015-08-14,65.34779357910156,65.84802303849523,64.9749009321553,65.71159619148261,1352000
2015-08-17,66.33914947509766,66.6029061715488,64.97489500728922,65.1204118755978,1294400
2015-08-18,66.05622100830078,66.53992122654971,65.91933194568617,66.53992122654971,1073500
2015-08-19,65.62728881835938,66.20224375646654,65.1800946814551,65.67291618389878,1959000
2015-08-20,63.88414764404297,65.02493599482945,63.81113551851595,65.02493599482945,2792600
2015-08-21,63.27269744873047,64.17620002560652,62.852888100254525,63.19968531086838,4293500
2015-08-24,60.86335372924805,62.96240051050943,58.36274366371719,59.52178526316967,5148700
2015-08-25,60.74470138549805,62.95327312473105,60.68081751057107,62.6612315589477,4220800
2015-08-26,63.8111572265625,63.87504111742655,61.47482411745215,62.2961934020056,4370200
2015-08-27,64.89717102050781,64.91542057125704,63.61035836386253,64.29483140348582,2250600
2015-08-28,65.32612609863281,65.36263217274507,64.4591225048155,64.5412629122735,1532900
2015-08-31,64.48651123046875,64.95194803754592,64.19446261969107,64.9428267405757,2026200
2015-09-01,63.05366134643555,63.528233282061336,62.66123676983603,62.679486322981305,3175700
2015-09-02,64.7237777709961,64.98844155123567,63.71075697735592,64.17620065728212,2373300
2015-09-03,64.86067962646484,65.85545095638237,64.49562586353345,64.87892918134179,1615400
2015-09-04,63.90241241455078,64.7511594282067,63.70163946575984,63.85678504734332,1533300
2015-09-08,66.09269714355469,66.14745970661772,64.51385032539896,65.09793327073977,2292700
2015-09-09,64.97018432617188,66.76806799020476,64.82416006625328,66.3482517243488,1775300
2015-09-10,65.95581817626953,66.12922023882021,64.67814075585319,64.88804191942742,1605900
2015-09-11,66.63118743896484,66.64943699427675,65.35350271966276,65.45389268093217,1560100
2015-09-14,66.6129379272461,66.82284613092999,66.03798287635551,66.56731055275641,1706800
2015-09-15,65.92845153808594,66.68593682481593,64.67815171303279,66.68593682481593,3177500
2015-09-16,66.43042755126953,66.53994580463544,65.73682587226614,66.18401322190218,1895100
2015-09-17,65.85543823242188,66.93233583262844,65.71854222741966,66.50340522909093,2208100
2015-09-18,63.59212112426758,64.66902586027167,63.02628746202095,64.66902586027167,7984800
2015-09-21,64.0849380493164,64.61426560222837,63.69250651358108,64.06668153352183,1980400
2015-09-22,62.10452651977539,63.27269278824215,61.67558894495584,62.82549869889144,3303200
2015-09-23,61.8033561706543,62.4695727261608,61.666460164113744,62.40568885148456,1374400
2015-09-24,62.24141693115234,62.953274794271856,61.85811367142515,62.953274794271856,2969700
2015-09-25,62.51523208618164,63.44611277039218,62.09542260406136,62.59736554530775,2276400
2015-09-28,60.388790130615234,62.03152867580208,60.27015061011577,61.81249919071776,2552200
2015-09-29,59.72256088256836,60.80858678352924,59.603914424146346,60.40703397228183,3576100
2015-09-30,62.24141693115234,62.39656945679269,60.01460254405603,60.33402192716203,3578200
2015-10-01,63.98454284667969,64.03017716959809,62.28704908385239,62.41481683263981,3393900
2015-10-02,65.21659851074219,65.24397632168932,62.82550322092977,63.0627891871727,2748900
2015-10-05,66.40303039550781,66.53992643165223,64.43174418580007,65.53602680847423,2101400
2015-10-06,65.62728881835938,66.58554704853799,65.49039279609931,66.02884166408239,2546000
2015-10-07,67.68982696533203,67.70808348110495,65.71854799391784,65.755054062643,2406400
2015-10-08,69.87103271484375,70.18133090030511,67.36129726430687,67.4434376815376,3493700
2015-10-09,69.78888702392578,70.27258029371423,68.99489562308244,69.9531608667616,2007400
2015-10-12,69.73413848876953,70.18132573197929,69.34170687779958,69.82540019677654,1516400
2015-10-13,68.70286560058594,69.72501490210631,68.2648065876647,68.78500601727272,2917300
2015-10-14,67.68982696533203,68.98576107238236,67.51643184241334,68.62983560583784,2326200
2015-10-15,68.30130767822266,68.44733199530084,66.78634368406112,68.21917422198318,1858000
2015-10-16,67.37955474853516,68.17353933712603,67.0601352610088,68.17353933712603,2774300
2015-10-19,66.96886444091797,67.95450765333271,66.70420059890905,67.18790090778062,2426600
2015-10-20,68.34695434570312,68.80326997464377,67.6807374266312,67.85413263090837,1776500
2015-10-21,67.39779663085938,68.9036391437846,67.33391274062967,68.31042761289626,1541100
2015-10-22,70.1539306640625,70.57373998791557,67.83584764405788,68.0092427577844,3517100
2015-10-23,68.72110748291016,69.53334840239212,67.8997383051135,69.30519068427199,4880400
2015-10-26,69.91667175292969,70.27259733826651,68.33781682701223,68.75762631323455,2077200
2015-10-27,71.17608642578125,72.12522345711913,69.52422662081042,69.90752995188294,4555700
2015-10-28,70.17219543457031,72.90096011282351,68.71198726039577,72.60891847798861,5232900
2015-10-29,70.25433349609375,70.41860734537619,67.37954461506199,67.90887223639666,3891300
2015-10-30,70.07181549072266,71.07570831885687,69.95317595307446,70.57376538620116,2561100
2015-11-02,70.69237518310547,71.09393493054947,70.03527994649524,70.27256588478669,1614200
2015-11-03,70.00791931152344,70.7836542261551,69.28694002576742,70.50986911895535,1930500
2015-11-04,70.29083251953125,70.3547164073495,69.6154875679067,70.12655867045268,1352500
2015-11-05,70.01704406738281,70.6832607281082,69.45121040029969,70.32733523258176,1215700
2015-11-06,69.98054504394531,70.58287788057036,69.49685173017106,70.05355719469439,1395400
2015-11-09,69.14091491699219,69.97140536707954,67.93624247748798,69.8527658635873,1237500
2015-11-10,69.83451080322266,69.94402901375905,68.84887475967889,69.10441028810953,1024700
2015-11-11,68.86710357666016,70.1174099932234,68.80321971378868,69.99876356016293,1261500
2015-11-12,68.00924682617188,68.90362810897585,67.94536294617308,68.90362810897585,1284900
2015-11-13,66.38477325439453,67.97275611825754,66.33914588465554,67.6533297159767,1643100
2015-11-16,67.2791519165039,68.0183807267894,64.27659538183256,65.32612232272591,13437000
2015-11-17,66.63814544677734,68.17658312509764,66.43668927512343,68.10332951109412,7677800
2015-11-18,66.14363861083984,67.25167873880868,64.83413537114689,66.63813008405421,5285100
2015-11-19,66.4549560546875,66.56484688125614,65.54837944165588,66.29928262359826,3243300
2015-11-20,66.21688079833984,66.8853712823741,65.84143259833027,66.83042934737577,2331200
2015-11-23,66.29932403564453,66.94033679140921,66.11617254362959,66.21690411760905,2274900
2015-11-24,64.99895477294922,65.63996728109461,64.03742902421878,65.10883863919567,4296200
2015-11-25,65.78649139404297,66.00627313284343,65.06306587666,65.24621033914698,2248100
2015-11-27,65.45684051513672,65.85975977765442,65.35610895287873,65.61251402534843,642500
2015-11-30,64.93486022949219,65.38356903154272,64.00080535084143,65.36525039426789,3183400
2015-12-01,66.17111206054688,66.28099595359137,65.0813835444286,65.48430978296257,2562200
2015-12-02,65.6491470336914,66.55572414498062,65.493466530529,66.00628368318456,2827300
2015-12-03,62.98432540893555,65.82310581205499,62.77371002651211,65.70406263879443,3219100
2015-12-04,65.05392456054688,65.09970719558176,63.40559599595345,64.55026666955573,3475200
2015-12-07,63.643672943115234,65.01727739512492,63.32316663494902,64.78834331978997,3073400
2015-12-08,63.71696090698242,64.019155693059,62.70965193991033,63.44223710390979,2449000
2015-12-09,62.28837585449219,64.11984833107431,61.87629734186643,63.25906101790959,2904900
2015-12-10,62.48068618774414,63.1033871050077,62.15102058528032,62.93855430377579,1956800
2015-12-11,61.21697616577149,62.114400900448246,61.088773630319686,61.46422890308151,2137800
2015-12-14,60.83237075805664,61.54664404896497,60.02652522230369,61.15287710827007,3154500
2015-12-15,61.006343841552734,61.50084219293722,60.45689657122847,61.41842230778367,3123600
2015-12-16,61.50086212158203,62.36164961676126,60.3745032362484,61.50086212158203,3480300
2015-12-17,60.46608352661133,62.11441211797681,60.447771869603024,61.68401481986941,2410500
2015-12-18,59.62360000610352,60.933103391223305,59.19320276262494,60.33787330952984,4835500
2015-12-21,59.67852783203125,60.36532999762271,59.51369503282878,59.86167926809672,2204900
2015-12-22,62.71877670288086,63.10339125539389,59.76095239122404,60.21882053737022,5675900
2015-12-23,63.048439025878906,63.185800859833336,62.19680403917715,62.553940615550815,2263000
2015-12-24,62.975189208984375,63.46053537008064,62.773733069480265,63.05760911804385,789900
2015-12-28,63.048439025878906,63.14917057167795,62.270064615487925,62.270064615487925,1459800
2015-12-29,62.95686340332031,63.44220246880569,62.60888616438108,63.26821035607972,1910400
2015-12-30,62.28837585449219,63.14917015416996,62.1418616893524,63.039279290430336,1512000
2015-12-31,61.39096832275391,62.462378220523846,61.39096832275391,62.26091509721376,1941000
2016-01-04,59.870849609375,60.621753256835575,59.49540127890221,60.37450747691594,3899500
2016-01-05,60.06314086914063,60.46606707887548,59.7334822270554,59.96241630322047,2699100
2016-01-06,58.25913619995117,59.22981783175715,57.26098359992402,59.03751406769616,4167100
2016-01-07,56.61082077026367,57.81043664406294,56.48261824042772,57.022902825634176,6444900
2016-01-08,57.370880126953125,58.43313408660664,56.78480596537124,57.10531576372557,4510300
2016-01-11,57.83790588378906,58.14925637260098,56.88553927174593,57.82875005761379,4568600
2016-01-12,58.9001579284668,59.06499074022564,57.84705979703605,57.892849406168736,4915300
2016-01-13,55.1914291381836,58.63459620880633,55.06322661064943,58.451451737047165,5475500
2016-01-14,55.62183380126953,56.885547593741066,53.95519023974623,55.13649110481329,7445800
2016-01-15,54.532108306884766,55.0815523071772,53.41491214347951,54.04676907589538,8374900
2016-01-19,53.460697174072266,55.402057551483225,52.76473548662283,55.34711210460328,5212800
2016-01-20,54.77017974853516,55.49360864369996,51.67499061962165,52.77387468542145,8220000
2016-01-21,56.45514678955078,57.28846671968175,54.165805938283626,54.71524634528498,6139900
2016-01-22,57.196895599365234,58.24999387312359,56.41852104450537,57.30678648422751,4769700
2016-01-25,55.05406188964844,57.14194289677435,54.944174518722825,57.14194289677435,3231000
2016-01-26,56.720699310302734,56.8305901701058,55.2005773489243,55.59434419674429,3255400
2016-01-27,55.53025436401367,57.18773849445088,54.95333945777752,56.60166776130938,4022700
2016-01-28,54.22074508666992,56.445984558798514,53.84529334615579,56.10716310839716,4650600
2016-01-29,56.1163330078125,56.14380747891582,54.36727638873078,54.843459799849576,3171000
2016-02-01,56.24452972412109,56.68408628357374,54.95334150052923,55.23722105074713,3495700
2016-02-02,54.09253692626953,55.64012984302742,54.01927984693656,55.3104677461445,3929000
2016-02-03,54.38559341430664,54.69694398257538,52.82884057296293,54.17497442595686,3559900
2016-02-04,55.59434127807617,55.76833338366835,53.92770175104757,54.2848382935171,4331500
2016-02-05,54.953346252441406,55.5943625060443,54.14750064136225,55.56689152867451,3703700
2016-02-08,54.431373596191406,54.76103927872219,53.01198279041262,54.56873546166501,5116000
2016-02-09,55.649295806884766,56.43682958998583,54.02844212397471,54.02844212397471,5311100
2016-02-10,56.2078971862793,57.54487139618576,56.02474922073913,56.43683126989028,3575500
2016-02-11,56.400203704833984,56.94048830800656,55.0357549635144,55.40205091230352,4797600
2016-02-12,58.42398834228516,58.506404767496406,56.436841802452655,56.83060877921111,3711600
2016-02-16,59.57781219482422,60.02652809309748,58.58881862882576,58.85437954887863,5517600
2016-02-17,61.06129837036133,62.16017916467428,60.11809107438187,60.200503990024174,4907300
2016-02-18,59.46791076660156,60.14555359499271,58.60711650721773,58.698688729457714,7969300
2016-02-19,60.17303466796875,60.26460690558661,58.83606043650912,59.06499452381071,3596800
2016-02-22,61.16201400756836,61.83965675482157,60.60341443632215,60.63088540105362,5341400
2016-02-23,60.91385269165039,61.45617073256216,60.71163965569303,61.13446020630781,3016300
2016-02-24,61.61241912841797,61.82383287579092,59.77406554791789,60.33476395099141,3740700
2016-02-25,62.77978897094727,62.80736315761629,61.3826360690986,62.09959297354773,4236200
2016-02-26,62.64190673828125,63.42320569574871,62.32019622788444,63.39563151096658,2961100
2016-02-29,62.64190673828125,63.28532775907488,62.20989247599274,62.807358859737214,4900600
2016-03-01,63.35885620117188,63.588650397895584,62.76138988713775,62.80735153158744,3416000
2016-03-02,63.266937255859375,63.42319561997613,62.63270305557575,63.02794933777594,2733000
2016-03-03,63.12907409667969,63.43240417752014,62.55918185504887,63.02796406973287,2341000
2016-03-04,63.404815673828125,63.68056449279399,62.87169147262716,63.23936357734376,1828900
2016-03-07,63.919559478759766,63.919559478759766,62.82573677482086,62.97280843807038,2741900
2016-03-08,62.8808822631836,63.8368198728762,62.66946853371045,63.331276888699,4362100
2016-03-09,63.04634094238281,63.21179306682878,62.5867524870066,63.18421888154834,2283900
2016-03-10,62.46725463867188,63.56107727742099,61.32747736746826,63.18421142237677,2281300
2016-03-11,63.32210540771485,63.57947385558469,62.87171062394262,63.3956412536103,1878100
2016-03-14,65.19721984863281,65.53731783692714,64.2872366525782,65.30752360469776,8951400
2016-03-15,64.71924591064453,65.28913107419622,64.35157376504682,64.39752840026974,4007400
2016-03-16,65.48217010498047,65.89580397899009,64.204514585495,64.32401208838776,3383000
2016-03-17,65.99687957763672,66.01526002315647,64.83871515259591,65.24315508163633,4546600
2016-03-18,67.24698638916016,67.91798160918074,66.41053203135851,66.74143628139396,13530700
2016-03-21,66.45651245117188,66.96205568895303,66.01530432226176,66.6954934670981,13663900
2016-03-22,65.18803405761719,65.5189383533626,64.33319912906893,65.16045986843245,7183000
2016-03-23,63.974700927734375,65.10529142522117,63.59784210374687,64.84792305512977,7108000
2016-03-24,63.09230041503906,64.0850131274458,62.844125743318905,63.44158510447267,5624400
2016-03-28,65.57408905029297,66.03367758699342,64.34239513806274,64.43431144284993,6831100
2016-03-29,64.9858169555664,65.67519976773761,64.94905604348347,65.24319242949926,4708900
2016-03-30,65.76708221435547,65.969295156202,64.73760199670292,65.62920433505447,2362700
2016-03-31,65.42700958251953,66.01528221555982,65.27993791787797,65.80386845082833,4621000
2016-04-01,61.70434188842773,62.56837040613387,61.12526297431838,62.02605940902937,18178900
2016-04-04,60.99658203125,61.915758967208845,60.812749449163626,61.70434518632238,5528200
2016-04-05,60.51860046386719,60.748394676465885,59.98548322033796,60.55536837941452,5785500
2016-04-06,60.79436874389648,60.95062715732287,60.150947622279446,60.73002663173478,3508900
2016-04-07,60.233665466308594,60.69325394935721,59.84761282361106,60.56456973512469,4227000
2016-04-08,61.18959426879883,61.24474262818444,60.42667590440916,60.66566381634992,9372000
2016-04-11,61.69515228271485,62.568367479251776,61.27233177608286,61.35505432590176,6513900
2016-04-12,61.89737319946289,62.11798071933497,61.49294010522477,61.70434687914758,3384500
2016-04-13,62.1639289855957,62.49483321871002,61.93413476886426,62.393723202327145,3471600
2016-04-14,62.3569450378418,62.64189458843654,61.82382787234176,62.18230623050636,4324200
2016-04-15,62.43049240112305,63.03715251188365,62.29261446569899,62.402918216590855,4420200
2016-04-18,62.08121871948242,62.3293934370501,61.29072589646783,62.31101298168982,4991900
2016-04-19,62.32938003540039,63.26694435076576,61.93413370887633,62.154741202352206,5440700
2016-04-20,62.37534713745117,62.8717035220313,61.46536393876933,61.759500276361614,5106300
2016-04-21,62.715423583984375,63.65298064652043,62.25583527606726,62.25583527606726,4476900
2016-04-22,61.16201400756836,62.79814729243288,60.26121782152188,62.71542476157984,5375700
2016-04-25,61.56647109985352,61.6583873861845,61.04254055372751,61.355057329805454,3443800
2016-04-26,61.58484649658203,62.05362863498027,61.12525808989112,61.95251862448727,4445600
2016-04-27,63.12907409667969,63.34048788377677,61.59405025159791,61.630818171648,6220500
2016-04-28,63.643802642822266,65.03176163926207,62.099585266142704,62.16392736463924,7220900
2016-04-29,64.42511749267578,64.73764134322248,63.09231354581605,63.40483739636276,6485400
2016-05-02,64.37915802001953,64.77440441113474,63.91956951931645,64.645720191959,4575600
2016-05-03,64.43431091308594,64.70087310371233,63.54270803717529,64.0206840385621,4670900
2016-05-04,63.634613037109375,64.17692398372904,63.211785537297054,63.84601977425308,4332500
2016-05-05,63.67138671875,64.18613059946126,63.45997993917041,63.83683885669936,3058300
2016-05-06,63.62542724609375,63.86441520782197,62.8257408045974,63.43240093526981,1872200
2016-05-09,63.542701721191406,63.91956764685473,63.13826862109968,63.79088343144866,2320700
2016-05-10,64.76520538330078,64.76520538330078,63.10149739084027,63.59785377255652,6235900
2016-05-11,63.34967422485352,64.63652336784564,63.19341582514915,64.63652336784564,2660400
2016-05-12,62.47643280029297,63.87357810589411,61.98927033855547,63.73570021736672,2574500
2016-05-13,61.47454452514648,62.91765188321392,60.950614006937606,62.23746298529216,3812200
2016-05-16,62.23746490478516,62.65109870313623,61.25394593631386,61.47454642110998,2647800
2016-05-17,61.82382583618164,62.88088042715947,61.5940316647848,62.23745253959134,2726000
2016-05-18,60.66971206665039,62.11004997599797,60.124971411667474,61.86076343175768,4548700
2016-05-19,59.986473083496094,60.24499453835412,59.1924388754714,60.14343153191971,3533000
2016-05-20,59.995723724365234,60.35580828000141,59.73719515759026,59.81106046238311,3008200
2016-05-23,59.88492202758789,60.12498073108231,59.54330029739133,60.03264558376564,2001900
2016-05-24,60.35578536987305,60.577374155956726,59.89413795642675,60.17112217798623,2271600
2016-05-25,61.12212753295898,61.25138827228075,60.16190691062074,60.35579801960339,2750500
2016-05-26,60.53121948242188,61.11289985546396,60.35579821801252,61.10366493285862,2025500
2016-05-27,61.22369003295898,61.2513877562686,60.54968861848534,60.71588200252494,1619200
2016-05-31,60.97441101074219,61.57455425191576,60.854385180180586,61.25139532223421,2373600
2016-06-01,61.999244689941406,62.128505393113706,60.63276534245997,61.14058027933686,3899400
2016-06-02,63.26417922973633,63.53193566282959,61.5191519969758,61.66688259903393,3879500
2016-06-03,62.8117561340332,63.15337781129693,61.86076343515878,62.67326047870025,2901800
2016-06-06,62.64557266235352,63.01489212024645,62.35935342847329,62.82100098979378,1827900
2016-06-07,62.14698028564453,62.92255169982101,62.05465220029008,62.84868641386489,2302800
2016-06-08,62.3777961730957,62.673250235566414,61.23291256154425,62.3039379406134,3493400
2016-06-09,62.06388473510742,62.24854089871448,61.55606971891636,61.99001945199216,2551800
2016-06-10,61.38988876342773,61.57455200854396,61.00210651495747,61.32525838868269,2553100
2016-06-13,60.90053939819336,61.86076707571527,60.88207659701385,61.26062389674132,2872600
2016-06-14,60.36502456665039,60.92823508020878,59.986477279608906,60.57738551609938,3358800
2016-06-15,60.678958892822266,61.61148897449678,60.39273964806578,60.43890017944226,2933800
2016-06-16,60.55891036987305,60.69740601659101,59.39556384347707,60.4573544094065,2741000
2016-06-17,61.37141036987305,61.48220124461432,60.48504815103915,60.54967850936514,3229500
2016-06-20,62.636322021484375,63.20876738978441,61.91615313360494,62.00848825804568,3091000
2016-06-21,62.51630783081055,62.62710577420596,61.98079500400616,62.53477767680093,2429200
2016-06-22,62.55323791503906,63.17184389090145,62.24854886632523,62.68249865494518,3592200
2016-06-23,63.66116714477539,63.69809977830751,62.82097262550327,63.14412436368485,2472600
2016-06-24,59.00778579711914,62.17468454032454,58.94315542616134,61.26985934691533,6184400
2016-06-27,56.51488494873047,58.92468541297443,56.200964514267824,58.45380652232589,6495400
2016-06-28,57.78902816772461,57.91828889071765,56.921132226135256,57.40124247665495,4016500
2016-06-29,59.92185974121094,60.328104838165416,58.32455594970544,58.34302227631095,4199900
2016-06-30,61.36215972900391,61.62991601466873,59.90335253573164,60.6419910509573,4328900
2016-07-01,62.59017562866211,62.691738653122655,61.02056973329709,61.29756108076814,3341000
2016-07-05,61.94386672973633,62.73790110301029,61.639184691205976,62.636338075439234,3093800
2016-07-06,62.64557266235352,62.737900765781056,61.223697328184485,61.58378186247984,2899300
2016-07-07,63.11647033691406,63.43962229877177,62.23010765116816,62.765620641780615,2918500
2016-07-08,64.49217224121094,64.66760059403992,63.55964206001273,63.6981377572891,3686900
2016-07-11,64.74144744873047,64.87993606234289,64.27979995220434,64.49215385586457,3282900
2016-07-12,65.79399871826172,66.01558752920577,65.04612503453093,65.06459487788203,3908700
2016-07-13,64.74144744873047,66.06175957056249,64.24286730718043,66.04328972595965,3413800
2016-07-14,65.04612731933594,65.55394236660905,64.94456430988132,65.46161427915436,2274400
2016-07-15,64.81529235839844,65.14767905104092,63.965862830170025,65.01841834214443,1837900
2016-07-18,64.99072265625,65.33234427997031,64.62140331464057,64.80606650753556,2061700
2016-07-19,64.7691421508789,64.78760495043895,64.06743601651306,64.53831841338054,3060100
2016-07-20,64.51061248779297,65.02765533989617,64.3905796512829,64.82452934966119,1916200
2016-07-21,64.98150634765625,65.06460656930581,64.13207654958606,64.27980714621525,2579300
2016-07-22,65.54471588134766,65.66474875025246,64.67682329454293,64.90764706498145,1838200
2016-07-25,65.74785614013672,65.87711691599199,65.2400479619007,65.48009966324108,2789700
2016-07-26,66.17255401611328,66.21872158591863,65.27695669767375,65.65551104636764,2531000
2016-07-27,65.12924194335938,65.72015028686693,64.37214018797889,65.6001244510299,4010600
2016-07-28,66.04330444335938,66.14486747876245,63.70736871745535,64.1874791213926,3653200
2016-07-29,66.20025634765625,66.33875202252902,65.45238956519893,65.84940674293682,2408300
2016-08-01,65.7293930053711,66.2372011810686,65.30467802337205,66.0063773618832,2235700
2016-08-02,65.1754150390625,65.74786068901577,64.33521993787286,65.72939788155219,2514800
2016-08-03,65.84016418457031,65.9232643975306,64.76914564772854,65.03690204298444,2888900
2016-08-04,66.67112731933594,66.69882504069426,65.19385681204675,65.82169765816734,1974400
2016-08-05,67.13277435302734,67.52979145965062,66.76345496758081,67.11431155363664,1846300
2016-08-08,66.97581481933594,67.6128905728134,66.76345388678304,67.39129471862394,3782600
2016-08-09,66.33876037597656,67.38208848643688,66.23719733789311,67.05892952298032,2639700
2016-08-10,66.34796142578125,66.96656721886448,66.03403754720563,66.50491984297909,2342200
2016-08-11,66.569580078125,66.80040386968867,66.14486514694983,66.45878916645162,1350000
2016-08-12,66.42184448242188,66.98505499534832,65.83093624659443,65.92326433765838,1784700
2016-08-15,67.28971862792969,67.5297772345289,66.4956845819461,66.56031493247129,2030400
2016-08-16,67.19743347167969,67.50212262336647,66.86504658696398,67.3451641067464,2439400
2016-08-17,67.40978240966797,67.46517786579149,66.73577383537153,67.33591710538118,1712400
2016-08-18,67.36358642578125,67.64057767795612,66.7634434088558,67.35435150559405,1063100
2016-08-19,68.29611206054688,68.31457485564165,66.79113714776233,67.05889346380485,2353200
2016-08-22,67.40978240966797,68.24074947243648,67.0496978564988,68.00992567967762,4737900
2016-08-23,67.52056884765625,67.80679512175494,67.38208021652441,67.79756019828527,1735200
2016-08-24,66.9204330444336,67.64982998650956,66.78193736832678,67.37284567847864,1459900
2016-08-25,67.42825317382812,67.502118486835,66.75425156414617,66.89274022080413,3013800
2016-08-26,67.21587371826172,67.94527051404518,66.98504998577343,67.6867490607273,2270300
2016-08-29,67.47438049316406,68.15761662032706,67.2897173208364,67.2897173208364,1957700
2016-08-30,66.78195190429688,67.63138190450694,66.65269112357727,67.62214697897433,2326700
2016-08-31,65.8586196899414,66.93887291394945,65.8493847695828,66.64341886009647,2337300
2016-09-01,65.6739730834961,66.4310747278909,65.44314932551984,65.9232666868524,3145100
2016-09-02,65.51702117919922,66.26488797579137,65.13847384118715,65.91403836444081,2568500
2016-09-06,64.71375274658203,65.64628280696961,64.59372691472338,65.48008940060531,2265400
2016-09-07,64.99996185302734,65.18461801388958,64.6398774084193,65.0461223711524,1781600
2016-09-08,64.65835571289062,65.10154046709583,64.51986003694007,65.10154046709583,1880000
2016-09-09,62.00851440429688,64.76916531993957,61.9069513599322,64.64913242522644,3883000
2016-09-12,63.54115676879883,63.67041749539916,61.43604545652912,61.57454110479555,3153100
2016-09-13,63.16261291503906,63.75352113825577,62.65479785875205,62.9779496926703,4196000
2016-09-14,63.236473083496094,63.85508609202294,62.267017552249925,62.97795160849712,4322800
2016-09-15,63.97510528564453,64.16899637182601,62.90407980672077,63.25493638149015,3281500
2016-09-16,63.42112731933594,63.81814439798824,62.89484952151134,63.77197683649205,3270900
2016-09-19,63.097991943359375,64.05821981730568,62.73790737115245,63.698135245098754,1794900
2016-09-20,64.57527160644531,65.54472738593913,63.3934548214336,63.62427863238694,11410300
2016-09-21,65.03889465332031,65.22434632940957,64.20434796186277,64.723625389063,15921400
2016-09-22,64.67725372314453,65.58598384165245,64.4547103148573,65.40979981138938,17562100
2016-09-23,63.46254348754883,64.38981615300324,63.147267102539246,64.31563264187992,11920800
2016-09-26,62.266334533691406,64.1950625590099,62.13651698146093,64.16723844822393,5063800
2016-09-27,62.173622131347656,62.98034465498988,62.09016393004094,62.31270734264629,4869100
2016-09-28,62.4796142578125,62.53525541471066,61.84906871767562,62.16434502500769,4599000
2016-09-29,62.21998977661133,63.13798766578213,62.1087215927897,62.32199032813347,3181800
2016-09-30,62.43324279785156,62.81342074468826,62.080874812290936,62.49815157289812,6088200
2016-10-03,62.54452896118164,62.85053059221924,62.396169035984215,62.44252841750245,2599000
2016-10-04,62.2292594909668,62.5352611209836,62.01598369820505,62.43326057764467,2748400
2016-10-05,62.56305694580078,62.7670579632896,62.23851308821652,62.321964191084405,2556200
2016-10-06,62.60017776489258,62.72072066098804,61.978899720863694,62.451810747056186,2264900
2016-10-07,62.25706481933594,62.91542733684437,61.88615446558464,62.58160872592086,2879700
2016-10-10,62.48887634277344,63.11014705220068,62.470334010570376,62.63724329850129,1979200
2016-10-11,61.765625,62.553805251044416,61.34835518313181,62.23853598043789,6718100
2016-10-12,62.04380416870117,62.19216408468112,61.59871027170634,61.75634489322488,2186100
2016-10-13,62.37761306762695,62.44252185455265,61.2556142796101,61.51524942731289,3456400
2016-10-14,62.54452896118164,62.93398879819673,62.13653386099278,62.52598662347994,2654800
2016-10-17,62.05308151245117,62.83199418547807,61.97889800558602,62.45180901869061,1631300
2016-10-18,62.89689254760742,63.119435956743175,62.34053048750432,62.794892011226985,3016800
2016-10-19,63.01742935180664,63.28633918777482,62.813428298691,63.00815464724863,1631700
2016-10-20,62.49815368652344,62.91542338671638,61.93251702433454,62.82269757273196,2068000
2016-10-21,62.25706481933594,62.60015813459804,61.747062198612085,62.18288133368036,1855400
2016-10-24,62.4796142578125,63.49034489288992,62.461071921864615,62.82270760633002,2610300
2016-10-25,62.32198333740234,62.60016791480906,62.12725696302871,62.4610756261057,2038200
2016-10-26,61.83979415893555,62.11797161415259,61.116522871034206,61.645067817925685,3820800
2016-10-27,62.05308151245117,62.09017326588374,61.39471880671229,61.849080405836304,2306900
2016-10-28,62.53524017333984,62.94323513550021,61.83978601509372,62.10869580522529,1993000
2016-10-31,63.70361709594727,63.944709923695605,62.79489401944049,62.79489401944049,2697800
2016-11-01,63.351261138916016,63.98180676391837,62.813441355187614,63.68507982712481,3147200
2016-11-02,63.42545318603516,64.2321758957763,63.08235974512107,63.42545318603516,2920100
2016-11-03,64.20435333251953,64.35272034542412,63.42544773835613,63.592357090609504,3203700
2016-11-04,64.54742431640625,65.4654218975694,63.68506080848751,63.68506080848751,4147500
2016-11-07,65.92906188964844,66.00324537465666,65.16869885463042,65.52106687115624,3578100
2016-11-08,67.7094497680664,68.28436139167226,64.01890836598714,64.90908931334089,7883400
2016-11-09,68.6923599243164,68.87781162535373,65.83635845135653,65.98472547180953,5023400
2016-11-10,68.08032989501953,69.62887292282316,67.89487826666353,69.1003280000298,5273800
2016-11-11,68.05252838134766,68.48834758937559,67.45907454580724,67.82998496165195,2986500
2016-11-14,71.62252044677734,72.15106544841248,68.11743179650985,68.15452354261916,7313000
2016-11-15,72.05833435058594,72.18815191521104,71.15887902816439,71.39997182297958,3863400
2016-11-16,71.92851257324219,72.49414924649184,71.65960275526068,71.76160327499595,2746900
2016-11-17,71.83580780029297,72.35507818049045,71.6132643622838,71.87289955238255,2294400
2016-11-18,71.52978515625,71.99342130949223,71.4370593405068,71.78942027014145,1647300
2016-11-21,71.94868469238281,72.44205659828633,71.56701534501056,71.71596155924746,2605600
2016-11-22,72.4699935913086,72.59101418487217,71.82768247268798,72.03247289612727,2706100
2016-11-23,72.6841049194336,72.72134148030553,71.98593538291735,72.23727329111817,1817800
2016-11-25,73.09369659423828,73.44744038940028,71.92077682691166,72.70272333846275,1059600
2016-11-28,72.6747817993164,73.09368061002085,71.70665268566854,72.19072079356577,3418700
2016-11-29,73.64292907714844,74.08044982415099,72.69341445553687,72.69341445553687,3428000
2016-11-30,73.33573150634766,73.90357666593918,72.63756192673331,73.605691262723,3540300
2016-12-01,74.30381774902344,74.74133823484735,73.04711465498599,73.04711465498599,4127100
2016-12-02,73.72671508789062,74.7227702101653,73.3450526907205,73.70810035477346,2769300
2016-12-05,75.4023208618164,75.63504407435288,74.50866457793421,74.94618535384659,3508000
2016-12-06,76.40767669677734,76.42629142636255,75.09511454336175,75.40231084762682,2907300
2016-12-07,78.1205062866211,78.44631728035873,76.20286977878214,76.44490384647882,3964700
2016-12-08,77.72023010253906,78.7442106595949,77.40372999125631,78.26946049267076,4059400
2016-12-09,77.77609252929688,78.17637669807493,77.32926088190467,78.17637669807493,2386200
2016-12-12,78.11119842529297,78.17636062066293,77.04067055666079,77.66436686979421,2086100
2016-12-13,78.56735229492188,79.08864998064337,78.07398025634285,78.19499376134296,2501800
2016-12-14,78.13912963867188,79.1724210261937,77.97156868117787,78.70697471117116,2012000
2016-12-15,78.50218200683594,79.45168942272305,78.1205125960981,78.59526985511545,3305200
2016-12-16,80.10331726074219,80.19640510750605,78.47425508485846,79.02347835226847,9997200
2016-12-19,78.99553680419922,80.05675366837578,78.85590151109261,79.82403054724678,3139200
2016-12-20,79.21898651123047,79.8426830665761,78.94902671067429,79.3772366039929,2637600
2016-12-21,78.98623657226562,79.54477071807803,78.89314873165472,79.1910340828978,1818200
2016-12-22,77.94365692138672,79.12588764716972,77.57129838261741,79.09796199963799,2575100
2016-12-23,78.27874755859375,78.35322066372021,77.82261221845006,77.94363278981712,2316900
2016-12-27,78.32530212402344,78.83729589049078,78.14843025885348,78.66042402532081,1374200
2016-12-28,77.59919738769531,78.66041424243939,77.55264992302483,78.57663732860767,1557700
2016-12-29,77.56197357177734,77.95294677148026,77.3664869719259,77.7946967290501,1590400
2016-12-30,76.96619415283203,77.83192448406271,76.8358697676701,77.71091101273987,2403000
2017-01-03,76.79864501953125,78.05534869942137,76.06323896041987,77.58990236596966,3277100
2017-01-04,76.64971160888672,77.63646283036859,76.56593466387855,77.0220701583809,4016200
2017-01-05,76.12837219238281,77.32922412796198,76.01666966023713,76.39833181530942,2828200
2017-01-06,76.61249542236328,77.28273240502257,75.7095280915593,76.13773801193183,2306200
2017-01-09,76.56593322753906,76.98483214901879,75.96085148373064,76.37975750735885,2643000
2017-01-10,76.2680435180664,76.72417897831946,76.0167055997652,76.4169826653917,2168000
2017-01-11,77.11514282226562,77.65506225751673,76.14702072738757,76.59384521700095,2887300
2017-01-12,76.23079681396484,77.04067595789691,75.43953949981353,76.9755137579585,2281600
2017-01-13,76.92896270751953,76.93827362197685,76.26802982398648,76.26802982398648,1671400
2017-01-17,76.68694305419922,77.17101126686838,76.52869298942774,76.86381495138389,2113900
2017-01-18,77.26407623291016,77.35716406095433,76.39834593802183,76.71485307594727,1467300
2017-01-19,78.6883773803711,79.39585798807505,77.93435638796319,77.93435638796319,3465000
2017-01-20,78.54872131347656,79.83335774959454,78.34393089090104,79.00486383750417,2449800
2017-01-23,78.53943634033203,78.6883755108552,78.0274424057073,78.33463876648214,1452000
2017-01-24,78.66976165771484,79.09797154321332,78.21361901916602,78.52081538337663,1455600
2017-01-25,79.6937255859375,79.77750252092713,78.41840001462934,78.93039384672511,2094600
2017-01-26,79.90782165527344,80.2801801356484,79.62855812160268,79.86128128406862,2148200
2017-01-27,80.13124084472656,80.35465309164637,79.61924704746528,80.0288420852743,1693400
2017-01-30,79.367919921875,79.89852851911637,78.7442163654892,79.89852851911637,2251100
2017-01-31,78.75352478027344,79.34929556870266,78.5301125101495,79.34929556870266,2462000
2017-02-01,78.7907485961914,79.32135709074078,78.44631577960267,78.65111328664749,2241700
2017-02-02,78.66044616699219,78.9490206790592,78.01812782501196,78.56735830201724,1803800
2017-02-03,79.5447769165039,79.60993912022393,78.91176960801769,78.91176960801769,1386600
2017-02-06,79.73095703125,79.80543014789455,79.31205107673489,79.55408515475602,1224300
2017-02-07,79.87992095947266,80.37329308164226,79.6378939084665,79.64719772432477,1547700
2017-02-08,80.39187622070312,80.50358587657604,79.47029464172638,79.79610559367309,1869500
2017-02-09,80.79218292236328,80.95974390206644,80.2988108993896,80.8573451310174,2460800
2017-02-10,80.47567749023438,80.97836044056956,80.46637367603894,80.97836044056956,1866600
2017-02-13,81.34139251708984,81.37862907320367,80.60598651367232,80.83870966277355,1504200
2017-02-14,81.81615447998047,81.83477631019198,81.04351187559067,81.27623503820345,2366700
2017-02-15,83.27765655517578,83.27765655517578,81.23899935601557,81.51826999502151,3447100
2017-02-16,83.259033203125,84.77638552578662,82.3839919202121,82.94252603822488,3415900
2017-02-17,83.1845703125,83.46384095688741,81.21107527745949,83.11009719371036,5275200
2017-02-21,81.90925598144531,82.73775001031107,81.67653278003024,82.42124986541785,3637100
2017-02-22,81.8999252319336,82.22685097055174,81.83454008420996,81.91860364852036,1986600
2017-02-23,81.26471710205078,82.18945154263544,81.22735315855478,82.03066012761006,2013400
2017-02-24,81.3394775390625,81.81585197477172,81.077936956372,81.29277080939075,2521700
2017-02-27,81.68507385253906,81.87189362686988,81.03122245849548,81.23672064703652,1885100
2017-02-28,81.2553939819336,81.96529482712305,81.16198766382992,81.55429847573254,2587200
2017-03-01,82.656494140625,83.06749041249684,81.61966781945296,81.73175965535725,2589500
2017-03-02,81.7504653930664,82.40432396475332,81.47024639929738,82.38563842263429,2968500
2017-03-03,81.0685806274414,81.90925173581654,80.7229694144302,81.58231893568245,2061600
2017-03-06,81.00318908691406,81.29275078550472,80.38669461404339,80.87241882777991,2107000
2017-03-07,80.47077941894531,81.11528805892407,80.26528122521884,80.94716094745247,1909100
2017-03-08,80.6949462890625,80.99385077301659,79.98504546725466,80.28394995120874,2709200
2017-03-09,80.6202163696289,81.3674811240427,80.37736138192254,80.74165098992694,1906300
2017-03-10,80.90979766845703,81.28342297678047,80.35868822372186,81.24606614710488,2187400
2017-03-13,81.29273986816406,81.33944658005855,80.722952189981,80.88174360811236,2236200
2017-03-14,80.58285522460938,81.13396460362551,80.56417681199896,81.13396460362551,2058900
2017-03-15,82.03067779541016,82.28287556027223,80.95648734948189,80.96583011897903,2012100
2017-03-16,82.2548599243164,82.66585629256122,81.59166577420491,82.0306833263854,1846400
2017-03-17,82.50707244873047,82.65652115233134,82.09607604254721,82.56311482177502,3015200
2017-03-20,82.83399963378906,83.34774515060353,82.48838836552785,82.51640955254567,2198100
2017-03-21,83.22628784179688,85.53345996395505,82.82463430887326,84.08563726641901,5486100
2017-03-22,86.0658950805664,86.17798693931532,83.1795992006241,83.38509025199575,4540100
2017-03-23,86.99996948242188,87.51371490900266,86.00984970731538,86.0658920715078,4658400
2017-03-24,87.33624267578125,87.67251113213518,87.10272331033798,87.33624267578125,2274900
2017-03-27,87.0279769897461,87.36424537495266,86.35544021933295,86.8598427971428,2151700
2017-03-28,88.26097106933594,88.72800976689516,86.86919774601407,87.02798919283741,2256900
2017-03-29,88.35437774658203,88.45712683058282,87.67250523615314,87.81261827128559,1663200
2017-03-30,88.40109252929688,89.1296718266981,88.17691592850704,88.17691592850704,2078600
2017-03-31,87.97139739990234,88.718662065004,87.7939204384908,88.36370814218091,2269700
2017-04-03,86.63567352294922,88.29833005248466,86.00984341377703,88.06481071684328,3635600
2017-04-04,86.37413787841797,86.85985498830891,85.86973522981296,86.56095050688872,3097500
2017-04-05,85.89776611328125,87.07470575962401,85.51479804372785,86.68239491965835,2686500
2017-04-06,85.72027587890625,86.07522983533619,85.06642457986901,85.84171049618794,2516000
2017-04-07,85.19718170166016,85.6829058429954,84.30046843278383,85.6829058429954,2954500
2017-04-10,85.05709075927734,85.67358530018011,84.68346547848886,85.03841234581608,2152900
2017-04-11,85.37467956542969,85.55214943330492,84.80489175608555,85.1505029749084,2732300
2017-04-12,85.70162963867188,85.93514906548025,84.8889794678577,85.91647064697241,3416300
2017-04-13,85.51478576660156,86.0472095805294,85.29994483663835,85.65489167044198,2244900
2017-04-17,85.88842010498047,85.91644841516062,85.56149441733378,85.85106327763128,1284000
2017-04-18,85.95379638671875,86.16863731729187,84.0669632363823,85.5521428328649,3102400
2017-04-19,85.45874786376953,86.32744021756746,85.16918612131879,86.01919293444175,2025800
2017-04-20,86.65435028076172,86.85051279022883,84.69278932409055,85.89774992818221,2792900
2017-04-21,86.37413787841797,86.82249103732576,86.15929694187612,86.6543568211241,2521400
2017-04-24,87.35491943359375,87.70987342326457,87.00931534021365,87.4763540622476,2085000
2017-04-25,88.33568572998047,88.52249833042339,87.56974266585422,87.7939192116745,1637800
2017-04-26,89.95165252685547,90.43736961792452,88.13954016984094,88.32635279107258,3614500
2017-04-27,89.4285659790039,90.07308164887864,89.1296615037545,89.97033256740745,3655300
2017-04-28,88.19558715820312,89.69010958580206,87.52305028417234,89.58736762724547,2859800
2017-05-01,89.27912902832031,89.72748223684766,88.23295966434692,88.47582180939258,1676100
2017-05-02,90.69890594482422,90.76429107187673,89.42856022513757,89.59669442705034,2483000
2017-05-03,90.5961685180664,90.89507301251484,90.19451493554708,90.79232392444396,2387200
2017-05-04,90.49343872070312,90.96047753824143,90.29728327251064,90.7830076335607,2571100
2017-05-05,90.65222930908205,90.8110207826396,90.36266042186077,90.8110207826396,3038500
2017-05-08,90.01703643798828,91.11924799179684,89.56867617608115,90.68956614118208,3955100
2017-05-09,95.74293518066406,96.41547206070092,92.80058989372536,94.52863168877028,6721600
2017-05-10,96.43415069580078,96.61162768578792,95.00501338564898,95.59347959381586,2610900
2017-05-11,96.04185485839844,96.7891197602779,95.80833546736687,96.2847170204762,1622600
2017-05-12,95.69621276855467,96.30336441495072,95.32258756441313,95.99511720773434,1958000
2017-05-15,97.20010375976562,97.46164432327504,95.50942574104694,95.64953879334008,2416700
2017-05-16,97.13471221923828,97.629772128471,96.61163112668224,97.6204364849935,2406100
2017-05-17,95.68228149414062,96.60996001449696,95.63542608286592,96.58184962738494,1943900
2017-05-18,96.07585144042967,97.18157206238898,95.3355801880971,95.7010295577238,3512100
2017-05-19,96.3476104736328,96.75054280226134,95.925940265383,96.11334765813096,1976500
2017-05-22,97.65946197509766,97.76253816295066,96.22577500658312,96.4506652577478,2016300
2017-05-23,98.84952545166016,98.88700835617794,97.34087250320091,97.56576993030768,2867500
2017-05-24,99.2149658203125,99.42111820186427,98.86826149600486,99.28055910997602,1655600
2017-05-25,99.82405853271484,100.68614388068384,99.32742256375734,99.32742256375734,5163000
2017-05-26,100.1707763671875,100.73300566666312,99.84280987158785,99.9739964698277,1794700
2017-05-30,100.02084350585938,100.48936910782496,99.7116220419034,99.93651232908957,2129100
2017-05-31,100.87354278564452,100.90165317211948,99.692856509774,100.27383071040626,3013600
2017-06-01,101.83871459960938,102.12919815507088,100.87355310321428,101.20151956085353,1778300
2017-06-02,103.13185119628906,103.5535285192762,101.91368894452587,102.03550302496224,2886800
2017-06-05,101.3795394897461,103.4035657228068,101.0140902094833,103.1693029970419,2194100
2017-06-06,98.38099670410156,100.74236956882903,98.31540341058871,100.56432756538015,4531600
2017-06-07,98.50281524658205,98.96196828867686,96.6287130267781,98.85889209465704,4503600
2017-06-08,98.46533203125,98.5496631992894,95.95403477873133,97.97806145213583,3320800
2017-06-09,95.9727783203125,98.82141471140274,95.44803195718347,98.37163415704444,3629500
2017-06-12,95.6447982788086,96.03835799533988,94.42662908101327,95.3824251344544,5035400
2017-06-13,97.3408660888672,97.3502386016623,95.81347536336388,96.09459355415636,2978400
2017-06-14,97.3689956665039,98.30604688616438,96.38508902620704,97.80940373447224,2316100
2017-06-15,98.146728515625,98.22169431812092,96.0852189909144,96.84422808107134,1559900
2017-06-16,97.9218292236328,98.68083824376848,97.42519333889555,97.83749806545408,3960300
2017-06-19,99.26182556152344,99.6179024139162,98.0530287571962,98.39974024575186,1636900
2017-06-20,97.63134765625,99.21495901206664,97.6032372696278,98.79328891446978,1641500
2017-06-21,97.57512664794922,98.15610089279232,97.14408400789108,97.75316864134824,1441300
2017-06-22,97.3502197265625,97.82811769859772,96.88169426550516,97.53762705133296,1516800
2017-06-23,97.5095443725586,97.8749937640866,96.81612849493276,97.2752815754697,6252400
2017-06-26,97.3877182006836,98.5309216524054,96.99415846622826,97.51890477883538,2114500
2017-06-27,94.6702651977539,97.04100317934348,94.5390786244026,97.0128927920728,2719000
2017-06-28,95.56047821044922,96.0571141697882,94.1455289901404,94.6421649494794,2059200
2017-06-29,93.90188598632812,95.89780217302568,92.84302086084426,95.72913984517416,3052400
2017-06-30,93.99559783935548,94.848317810822,93.96748744893488,94.81083490721694,2837400
2017-07-03,93.80819702148438,94.64217202482196,93.63015500421004,94.27672262556766,1230600
2017-07-05,94.80146026611328,95.1669096316438,93.75196758525956,93.98623036568335,2290900
2017-07-06,93.3771514892578,94.40790635712686,93.12414366721796,94.1267881435566,1984400
2017-07-07,94.0330810546875,94.39853042963242,93.17099571631144,93.42399638006836,2469800
2017-07-10,94.37042236328124,94.53909185965082,93.29281208920528,93.92064180571778,1523900
2017-07-11,94.38914489746094,94.595290100226,93.54579761658076,94.01432308938848,1793200
2017-07-12,94.45475769042967,95.62607161442244,94.34230898003857,95.2512497289182,1776900
2017-07-13,94.36103057861328,94.8670389643806,94.13614034576057,94.64214873152788,1396400
2017-07-14,94.63277435302734,94.9888582929117,93.86439285256895,94.46410489443252,1323900
2017-07-17,94.97013092041016,95.53236017050608,94.27671508359629,94.5390882570322,1232300
2017-07-18,95.5792236328125,95.8697072208366,94.30483341244432,94.62343454210308,1367400
2017-07-19,95.80409240722656,96.15080385152554,95.06382125802504,95.466753474701,1056900
2017-07-20,95.9540557861328,96.4506918376702,95.49490264497446,95.75727586849352,1622400
2017-07-21,96.37569427490234,96.5724741277308,95.59794022624806,95.62605776162223,1363600
2017-07-24,96.2445297241211,96.62872415501025,96.15082603216604,96.5443858278573,1506800
2017-07-25,96.57249450683594,96.81612982090246,96.17893471812847,96.65683283249228,1526800
2017-07-26,96.5537338256836,98.24042130000524,96.019615053112,96.8817002388185,2606200
2017-07-27,97.5095443725586,97.83751800778964,96.49753452247582,96.9660601166536,2066400
2017-07-28,96.83485412597656,98.02491298819108,96.76926083705284,97.11597230658236,2005200
2017-07-31,97.63134765625,98.3622463049549,97.05037345257416,97.21904292143928,1262800
2017-08-01,98.5121841430664,98.90575105667978,98.0249206940619,98.2029626990505,1299600
2017-08-02,96.97541046142578,98.14672426545496,95.626061820594,97.80938531796396,2182000
2017-08-03,97.1347198486328,98.56840687878363,96.93793282762988,97.09723694697188,2250600
2017-08-04,98.40910339355467,98.43722093183094,97.12534796177547,97.51890770805235,3068900
2017-08-07,99.4867172241211,100.85481102245828,99.0463020470889,100.26447138147016,4861600
2017-08-08,97.4064483642578,98.16546453390568,94.20173566748788,94.59529537078276,4618000
2017-08-09,94.97013092041016,96.7036740870112,94.8389443336922,96.60997040351737,2779100
2017-08-10,93.2553253173828,94.64216413548156,92.95546924173075,94.60468123238344,3912800
2017-08-11,93.14287567138672,93.85503647016168,92.63686724718862,93.23657934643109,2154700
2017-08-14,93.77069091796876,94.1267677152966,93.39586909760008,93.88313960881882,2578200
2017-08-15,94.0799331665039,94.67964530683896,93.63951799957258,94.00496736167888,1603400
2017-08-16,93.98621368408205,94.50158742006116,93.41461202937084,94.26732468121662,1906900
2017-08-17,91.68107604980467,93.8737793379428,91.6436002970996,93.8737793379428,2579500
2017-08-18,91.8591079711914,92.52441332029026,90.80024291966195,91.64359024567874,1581300
2017-08-21,92.84300994873048,92.96482399868349,91.82162069450568,91.98092478952904,1494600
2017-08-22,95.89862823486328,96.28410655611388,92.94645535127904,93.27551783708796,2592700
2017-08-23,94.42253112792967,95.61655977671904,94.27209848110904,95.09946369257575,2749800
2017-08-24,93.9712371826172,94.98663599524802,93.62337425139928,94.54474907643517,1365000
2017-08-25,94.63877868652344,94.93023298091822,94.1592835787904,94.7609998354256,1346400
2017-08-28,94.685791015625,94.9490410021422,94.2439040355322,94.9490410021422,1389300
2017-08-29,94.23448944091795,94.52594370295152,93.62336941821492,93.93363134600578,1286200
2017-08-30,97.44052124023438,97.54394189705148,94.54475719540343,94.73279801371804,1954400
2017-08-31,97.38410186767578,98.10803921272868,96.6601573495999,97.50632300636644,1837300
2017-09-01,97.5909423828125,98.01402162132126,97.23366845667157,97.79777649902422,1258000
2017-09-05,96.1618881225586,97.60977038218915,95.06187605403586,97.46874153860357,1856800
2017-09-06,95.7105941772461,96.70718546524296,95.1652865327472,96.5379523056752,1263400
2017-09-07,95.67296600341795,96.12424955253928,95.15586279815118,96.02082891148592,1661400
2017-09-08,97.24308013916016,98.1926665104682,95.53194820785548,95.64477269464234,1876100
2017-09-11,98.37129974365234,99.84738609203414,97.60975415711216,97.60975415711216,2974900
2017-09-12,98.79438018798828,99.17045462779456,98.0516351419523,98.3995052540522,1269200
2017-09-13,100.38328552246094,100.52431433649608,98.44651180698366,98.719165601312,1821700
2017-09-14,100.02601623535156,100.5619199768284,99.33028318938692,99.9790042408442,3517500
2017-09-15,99.0858383178711,99.63114591810624,98.14565576837197,99.63114591810624,2790600
2017-09-18,99.22686767578124,100.1106415724954,99.1422475158928,99.44310564645154,2297000
2017-09-19,100.92859649658205,101.00381282299357,98.78498140501938,99.26447651961324,2148300
2017-09-20,101.24826049804688,101.76535659363356,100.44909959691768,100.88158987958636,3489400
2017-09-21,101.13542938232422,102.00979937820117,100.90978759491108,101.38927549653611,1911900
2017-09-22,101.42689514160156,101.60553212891897,100.59953704538606,100.76877019836468,1179100
2017-09-25,102.35767364501952,103.3918729835296,101.00380851939272,101.39868345669277,3713200
2017-09-26,101.60552215576172,103.09101222242876,101.50210150725812,102.54570465268672,2825700
2017-09-27,101.87816619873048,102.44227420833909,101.00379627327924,101.87816619873048,3563700
2017-09-28,103.4200668334961,103.4764754836744,101.50209382418493,101.68073078044638,1821600
2017-09-29,103.66452026367188,104.66111137797748,102.66792197634334,103.10980888114614,3558700
2017-10-02,103.9183578491211,104.79272775394688,103.13800474817523,103.74912473292828,1545500
2017-10-03,102.85596466064452,104.20982255305738,102.47048640111562,103.7867433066202,2224900
2017-10-04,102.3106689453125,102.9876015563965,101.83117381695736,102.71494774509743,2720400
2017-10-05,104.61410522460938,104.83035035905876,102.3576729283936,102.68673537383978,3459100
2017-10-06,105.0748062133789,105.08420287451806,104.11581597342698,104.58590725924005,1872500
2017-10-09,106.0149917602539,106.04319609051042,105.01839332870512,105.2628428126349,1310000
2017-10-10,107.25602722167967,107.28423155054747,105.73292890560568,106.12780385580218,1921400
2017-10-11,107.30303955078124,107.5662967090161,106.88936407674616,107.07739773103263,1338600
2017-10-12,107.61328887939452,107.99876715027608,106.85174334417027,107.2466182755441,1739100
2017-10-13,108.22441864013672,108.41245228915544,107.55688986118916,108.12099798126926,1690300
2017-10-16,107.8859405517578,108.49706060386694,107.0115705505612,108.12098617387493,4016200
2017-10-17,108.1585922241211,108.19620038368892,107.34063089282272,107.69790482220552,744000
2017-10-18,108.84493255615234,109.69109830051828,108.16800713368332,108.42185327048124,2472800
2017-10-19,108.30902862548828,108.50647327641136,107.68851186252223,108.45005744485177,1695200
2017-10-20,108.1397933959961,108.6945048286788,107.55688480761177,108.58168034075427,2545200
2017-10-23,108.41246032714844,108.60989782516384,107.84835216524382,108.17741466193614,1409300
2017-10-24,109.8227081298828,110.08595806446156,108.53466278240496,108.84491753500262,1703100
2017-10-25,109.3714370727539,110.03896581827811,108.65689633081696,109.16459576537557,2885600
2017-10-26,111.70305633544922,112.2201594676572,109.43722073118713,110.49962414378882,2637800
2017-10-27,111.7594985961914,112.28599851137146,110.2552008276369,110.38683297945528,2067400
2017-10-30,111.430419921875,111.85350632478674,110.49023747943488,111.5714487228456,1841300
2017-10-31,112.33300018310548,112.73727891597214,111.24238511843345,111.52444271737212,1712400
2017-11-01,112.97234344482422,113.68687704856714,112.4458363168268,113.30140591668264,1381000
2017-11-02,112.48342895507812,113.99712328971536,111.90051324751462,113.2355777923844,3713500
2017-11-03,114.27916717529295,114.3073714980264,112.45521112629528,112.53042743559917,4043300
2017-11-06,114.68345642089844,115.6706436724874,113.62104568006396,114.08173306413882,2838700
2017-11-07,113.6586685180664,115.93390858000022,113.44243054727548,114.89970920394155,5253700
2017-11-08,112.80310821533205,116.90229763263724,112.06036312222405,113.76209128324211,6163000
2017-11-09,111.70305633544922,112.9347000213387,111.06373208700192,112.12614267262528,3317700
2017-11-10,112.92532348632812,113.63986421272897,110.95094162132229,111.91932847297132,3377000
2017-11-13,113.18856811523438,113.64925552166994,112.44582309578423,112.51163558241792,2387300
2017-11-14,115.6988525390625,115.73646069865003,112.77488448159416,112.8971127935094,2141400
2017-11-15,114.94672393798828,115.6048488730539,114.11935867902145,115.5578440479914,3043300
2017-11-16,116.93990325927734,116.97751142212783,114.23218009125463,114.6458627095864,3493500
2017-11-17,117.97411346435548,118.1245389473996,116.36639493798016,116.56383959232537,4660700
2017-11-20,118.37836456298828,118.6886192907431,117.57920381740712,117.83305707186908,1937800
2017-11-21,120.3013916015625,121.0083742369849,119.0853682355907,119.0853682355907,3478000
2017-11-22,119.14193725585938,120.6596094817215,118.84028851983,120.62190249073367,2323900
2017-11-24,119.2456283569336,119.8112188317144,119.1325073852282,119.25505690254398,729200
2017-11-27,119.65095520019533,120.06572485495067,119.08536479308395,119.08536479308395,2560200
2017-11-28,119.62269592285156,120.23542195866446,119.30219008595589,119.95262311386672,3065700
2017-11-29,119.2361831665039,120.12227934148518,118.40665106541576,119.95260150354989,2721700
2017-11-30,119.71695709228516,120.6313318522724,118.44437670330086,118.90627476024738,3102700
2017-12-01,119.58497619628906,120.03744566953448,117.31317870945536,118.80257237528946,2371100
2017-12-04,120.40509033203124,122.13014013526548,120.34852625240832,120.38623324153268,2128000
2017-12-05,120.21656799316406,122.0453176021704,120.0751685670878,120.58420218583822,2065900
2017-12-06,119.999755859375,120.70674576304326,119.8583564402667,120.41451837905326,1698400
2017-12-07,120.51819610595705,120.64074561044296,119.62267854729636,119.91489870376772,1465000
2017-12-08,121.90393829345705,122.53551431277374,121.0272631972049,121.0461202916804,4325100
2017-12-11,121.1969223022461,121.8379195395328,120.65960310298028,121.45142829624464,1432700
2017-12-12,121.3759994506836,121.62109844506104,120.59360289847322,121.22518589692493,1529200
2017-12-13,121.1026611328125,122.205563681528,120.98954734845609,121.48915240769266,2119600
2017-12-14,120.39566802978516,121.40429947570388,120.36738958444374,121.20635035831395,2564200
2017-12-15,122.37521362304688,122.45061320181546,120.73499230184916,121.31943253163269,4111500
2017-12-18,125.69336700439452,126.6077417064876,122.855986213786,122.9690999884794,3720600
2017-12-19,125.50484466552734,126.3532267798131,125.04293942602956,126.20241320163186,2915100
2017-12-20,126.16471862792967,126.56063130171262,125.61797796877757,126.01389064256048,1455100
2017-12-21,126.26836395263672,127.42782309204308,125.8158945491172,126.73969044322794,2042100
2017-12-22,126.28723907470705,127.01308600132326,125.84419095958044,126.03271870599184,2780900
2017-12-26,125.65567016601562,126.5323307080218,125.5142635605739,126.2778247089692,1150900
2017-12-27,128.43649291992188,128.51190689869497,125.93846780195013,126.0327244876072,2284500
2017-12-28,128.7382049560547,128.8041832264021,127.7295587319776,128.63451248800706,1704200
2017-12-29,127.94630432128906,129.70907544174906,127.5881059155967,128.68157260632228,1685500
2018-01-02,126.07987213134766,128.18198485046224,124.61875671774898,128.09714951009934,2949200
2018-01-03,128.62498474121094,128.95491900820184,126.0326892780421,126.32490937430974,1507900
2018-01-04,127.91804504394533,129.284889399952,127.211055095968,129.00210492775892,3187000
2018-01-05,126.69256591796876,128.6250075739327,126.50403818211126,128.6250075739327,3404400
2018-01-08,128.52130126953125,128.74754315835187,126.41918919364024,126.41918919364024,3275500
2018-01-09,129.81277465820312,130.36893657764082,128.20083140507057,128.6910150820094,3071500
2018-01-10,129.80332946777344,129.88816479498482,128.68156997327344,129.05863984489878,1143500
2018-01-11,131.43414306640625,131.53783550503357,128.81356803609566,128.81356803609566,1408700
2018-01-12,131.76405334472656,132.21652281962304,130.5857369323694,132.07513060363829,1806800
2018-01-16,131.14187622070312,133.28170248412974,130.4160437921065,133.2534240458074,2531800
2018-01-17,133.85671997070312,134.46001728817913,131.82058613031813,132.169377505553,2436100
2018-01-18,133.0366668701172,134.50720373924833,132.79156780276327,133.52683623732884,1691100
2018-01-19,135.80804443359375,135.80804443359375,133.32886207899188,133.49853273955628,3267100
2018-01-22,135.56297302246094,136.01544259319968,133.92276543462742,135.97774278886658,2153900
2018-01-23,137.43885803222656,138.03271984762856,134.83712564261452,135.30845230638502,1540300
2018-01-24,136.1096954345703,138.27780067867755,135.58181194217823,137.7404814486558,3736600
2018-01-25,137.156005859375,137.68388921626655,135.7326050660608,136.2322099848148,1197800
2018-01-26,138.7019805908203,138.71140194394607,136.60928949728464,137.35399352283085,1113300
2018-01-29,139.50323486328125,140.37047397316894,137.41054386934232,138.24950453745336,2200800
2018-01-30,138.8245086669922,140.65325775321293,138.6265452119532,139.72002612301716,1664500
2018-01-31,138.8905029296875,140.13481191359145,138.5040117104072,138.9659169029918,2329800
2018-02-01,139.06019592285156,139.75775004427857,137.45768845373445,138.192956755844,1676600
2018-02-02,133.07435607910156,138.57944754505914,132.8858283079723,138.2778059880017,2672300
2018-02-05,128.52130126953125,134.4223180118539,128.46474439326178,132.7443968917267,2921200
2018-02-06,131.99974060058594,132.18826838405386,123.48758244246544,126.38153498100311,2881900
2018-02-07,131.632080078125,134.5825889235858,130.70828405515533,131.26444593953283,1806400
2018-02-08,126.2024154663086,131.91489157716543,126.13642283787634,131.6038142940128,2964400
2018-02-09,128.4741973876953,129.58653563535196,123.58183939675092,126.82455429939866,2885100
2018-02-12,131.12306213378906,131.90545160977803,129.39800510093917,129.53939732340805,2835100
2018-02-13,132.54649353027344,132.93298487165222,129.81280445716564,130.5103587590453,1977800
2018-02-14,136.9109344482422,137.06174800491405,132.2730831585323,132.91408032968397,3561700
2018-02-15,133.1874542236328,136.63756812673373,132.77269892935564,133.96985804649418,4295600
2018-02-16,130.55746459960938,133.32886723258167,130.53860750868043,132.68785559471078,2855600
2018-02-20,132.38619995117188,132.8669478405359,130.20867365266372,130.21809500525126,2162100
2018-02-21,133.81903076171875,136.55271880122862,132.55586476709766,132.73497114459025,3809800
2018-02-22,132.84585571289062,134.8394888883437,132.10887419943026,134.3481630736167,2029400
2018-02-23,134.32923889160156,134.3953852705863,132.89306375154828,133.9985502484514,1329800
2018-02-26,133.55445861816406,135.2740769025086,133.4410668947822,134.71661925771744,1873200
2018-02-27,130.50257873535156,134.49930159453152,130.46479110751386,133.97017388401213,2210600
2018-02-28,133.42222595214844,135.43474591093602,130.86167704684257,130.86167704684257,2426500
2018-03-01,129.95457458496094,134.23475544812746,129.60498493540652,133.42218442212385,3060900
2018-03-02,131.88209533691406,132.23168503944305,127.67751793271404,128.99085816497558,2386100
2018-03-05,128.244384765625,131.2962582259276,126.88379953780368,130.81437588100854,3635800
2018-03-06,130.020751953125,130.83332317281906,128.49954354476492,129.04755803407122,2380300
2018-03-07,131.31517028808594,131.7498073712785,128.99084875433005,129.44437244577492,1629500
2018-03-08,131.664794921875,132.47736613848846,131.19237013122208,131.51361552872356,1584000
2018-03-09,135.38751220703125,136.63472077772445,132.45848667840266,134.03638400604308,2496200
2018-03-12,133.98910522460938,135.74652587046518,133.51668047483372,135.32134647911894,2190400
2018-03-13,133.9324188232422,135.45362711990026,133.76235283073532,134.6221549327303,2013000
2018-03-14,133.63003540039062,135.10401248310052,132.91195509131924,134.56544143835438,1310100
2018-03-15,133.91351318359375,135.15126369951457,133.16708843564646,133.7717915280528,1310200
2018-03-16,133.280517578125,134.59385829336688,133.27107426983713,134.17812205246764,2596300
2018-03-19,132.10885620117188,132.79859225856816,130.8616480146114,132.21277579946022,1662000
2018-03-20,132.79859924316406,133.50723636354672,132.42065079527117,132.77025491172947,1340800
2018-03-21,132.67575073242188,133.52612384094655,131.84427864868866,132.5340290896299,1231900
2018-03-22,129.68060302734375,133.18600126333496,129.58611230377127,131.4191227698994,1626600
2018-03-23,126.38307189941406,130.33255055544018,126.37362859403189,129.50107832948518,2039300
2018-03-26,131.25848388671875,131.44745089329987,127.54523246785809,128.0176571929401,1987200
2018-03-27,128.11215209960938,131.9671401463986,127.5263499689256,131.72148444388037,1798600
2018-03-28,126.51531219482422,128.9719260774882,125.24921762607303,128.12156749662688,2212000
2018-03-29,128.4806671142578,129.90739948763775,127.09173680517662,127.45078432969818,2524700
2018-04-02,124.7862548828125,128.8868974146251,123.1989005502441,127.51686880306865,3154000
2018-04-03,125.19253540039062,126.77043204102664,124.12485105100104,125.84448374055746,3643500
2018-04-04,128.32000732421875,128.64125269166314,123.22726913416894,123.65244852252287,3194600
2018-04-05,127.02557373046876,130.77662753597775,125.88229945007971,129.35935323416606,2917400
2018-04-06,123.70912170410156,126.82712752393483,122.38633834647888,125.80668846922993,2625500
2018-04-09,123.51075744628906,125.92012713319107,123.36903575416768,124.62567320367764,2449600
2018-04-10,122.67926025390624,125.50436555583424,121.85724577137869,125.15477584115187,3656100
2018-04-11,124.7484893798828,126.26969778629795,123.53908306615332,123.53908306615332,3893100
2018-04-12,125.67443084716795,126.3263793298997,124.58785965412154,125.2020060819722,2901500
2018-04-13,123.83194732666016,126.54366021235928,123.31227732663343,126.17516956093236,1352700
2018-04-16,126.1090850830078,126.87441099968942,124.64456522876864,124.76740029790676,1501400
2018-04-17,129.26487731933594,129.964071245193,127.04448930920503,127.2428996605184,2928200
2018-04-18,130.68212890625,131.5136010598455,129.15147736645724,129.33100107391618,1612200
2018-04-19,130.03016662597656,131.00336033073202,129.43492132230793,130.32306762603304,1156300
2018-04-20,129.89788818359375,130.6254262399903,129.1892511515504,129.5860861594238,1380500
2018-04-23,130.03968811035156,131.1357029677792,129.27436204661012,130.29478718675577,843600
2018-04-24,129.3498992919922,131.8065139204969,127.89483730986936,131.18290974933277,1561700
2018-04-25,129.67115783691406,130.19081355722793,127.81924636953993,128.86802995000355,1123200
2018-04-26,130.16249084472656,131.14514261668285,128.7074286350859,130.54043937904146,1240900
2018-04-27,129.84120178222656,131.33406555238938,129.02863072801787,129.70892344397205,1112700
2018-04-30,129.1420440673828,131.7876259877496,128.94363371328072,130.50262987884355,1115100
2018-05-01,130.0113067626953,130.16247173696794,128.0176735907933,128.67906540717445,1046600
2018-05-02,126.76102447509766,130.1246867092814,126.61928838621832,129.55777118828524,2324300
2018-05-03,127.21453857421876,127.73420869276424,123.51073019235017,126.04291998124889,2474500
2018-05-04,128.35781860351562,129.5010784984351,125.83505758895272,126.5342514541689,2832800
2018-05-07,129.10427856445312,129.68063753016665,128.35785355177367,129.04758988213115,2331100
2018-05-08,131.62698364257812,131.7592619980025,128.4995340543406,129.00030314396574,3771100
2018-05-09,130.2947540283203,131.49471705674097,126.84605875640976,130.79552316276735,3999700
2018-05-10,130.92779541015625,131.32463044970166,129.82230886475165,130.50260162318904,2114800
2018-05-11,132.10885620117188,132.38285619638134,130.55928927219978,131.22069541691064,1509100
2018-05-14,131.664794921875,132.54349811220445,131.29630416185614,132.1939083806446,1845400
2018-05-15,131.20181274414062,131.4663694721287,130.23806213946386,131.33409110813466,1492600
2018-05-16,132.69467163085938,133.80014386197584,130.96559524354598,131.53251073413588,1620000
2018-05-17,131.0457763671875,132.67567662217692,130.81835784009897,132.56196735863264,1894600
2018-05-18,131.26377868652344,132.1640110379581,130.50568295814094,132.1640110379581,1444600
2018-05-21,131.5290985107422,132.51461274975316,130.7520464808047,131.6049095228926,1124300
2018-05-22,130.56256103515625,132.08822372072777,130.29722965153303,132.08822372072777,1099400
2018-05-23,130.38246154785156,130.61936551074518,129.59593865590836,129.59593865590836,1061300
2018-05-24,130.64779663085938,131.12160457043248,130.06027941281937,130.2308433305197,1504300
2018-05-25,130.7425537109375,131.88916073714364,130.0792255396443,130.5909317119363,1396700
2018-05-29,127.501708984375,129.6906991723361,127.04685744830417,129.17899300169012,2011700
2018-05-30,129.1316375732422,129.76653856402808,127.54912057361658,127.94711756219252,1271700
2018-05-31,128.269287109375,129.58647261461087,127.6059588800244,129.1790047235351,2316300
2018-06-01,131.0932159423828,131.7091751213079,128.6009952771008,129.4254167082516,1558500
2018-06-04,131.42486572265625,131.70915341534928,130.21191839600718,131.54806043003353,1277500
2018-06-05,130.97952270507812,132.5146564437544,130.61942389349653,131.24485410535607,1334000
2018-06-06,134.1540069580078,134.29614357728863,130.48672312636037,130.74258350053876,2113500
2018-06-07,132.1355743408203,134.7415182814047,131.72809195118515,134.2392829696135,1622700
2018-06-08,131.131103515625,132.30613807296507,130.71415017225698,132.17347241457273,1609200
2018-06-11,131.85130310058594,132.51463147630125,130.53411730471046,130.80891961055178,1809800
2018-06-12,132.53358459472656,133.06424728227722,131.94606725629174,132.2492968808319,1354200
2018-06-13,131.1027069091797,133.12111958050983,130.54360236259487,132.66626785366475,1662700
2018-06-14,131.4817352294922,132.08820896136098,130.9131597798452,131.43435153210922,1216100
2018-06-15,131.5575408935547,131.89868325754935,130.03187844061654,131.71863389051416,2321200
2018-06-18,131.4059600830078,131.58600950653695,130.29725066701496,130.6004948454805,826500
2018-06-19,129.4253692626953,130.31613043897153,128.40194245119517,129.956031803591,1364100
2018-06-20,128.8662872314453,130.9794665706754,128.7146652221315,129.58647008647992,1794900
2018-06-21,126.72466278076172,128.86628384245356,126.43090418261076,128.67674910606044,1684000
2018-06-22,125.6633529663086,127.27429720554667,125.54015826454388,126.9331548817515,1813800
2018-06-25,122.33723449707033,125.07584422838453,121.92028113294393,124.58307984719212,2432100
2018-06-26,122.6499481201172,123.3227619310465,122.20458184407684,122.66890449127035,1748800
2018-06-27,120.2903823852539,123.91975355220696,120.06294933033024,122.7731317820759,2284800
2018-06-28,118.69837188720705,120.6220310435712,117.71285046513296,120.3851270641227,2073600
2018-06-29,119.96817779541016,120.8684172855368,118.6888977091628,118.81208517992845,2022600
2018-07-02,119.86396026611328,120.27143548442672,118.45201428021949,118.9921551761478,1681300
2018-07-03,117.99712371826172,120.85892766440804,117.82655257425476,120.40406887047769,1345800
2018-07-05,119.86396026611328,120.07243696800442,118.50886893355808,118.50886893355808,1982600
2018-07-06,120.97264862060548,121.25692905125152,119.24798075123589,120.0724091825541,1435500
2018-07-09,123.34169006347656,123.4364429785999,121.2095542703396,122.31826314763428,2635100
2018-07-10,123.88185119628906,124.5451795877374,123.27537745846853,123.27537745846853,2269300
2018-07-11,123.0479507446289,123.78709011208709,122.48884628198356,123.256427433858,1831300
2018-07-12,123.91974639892578,124.22297599518012,122.59307534432986,123.83444997108236,1335000
2018-07-13,124.1471710205078,124.28932210084696,123.5786100775706,123.70179032916344,843600
2018-07-16,123.93869018554688,124.55464926077182,123.43645486267864,124.36512895280748,1444100
2018-07-17,123.61650848388672,124.08084554498224,123.09531677438626,123.31327887256936,1224000
2018-07-18,126.15609741210938,126.67727454003266,123.34167729965672,123.53119756976244,2127600
2018-07-19,126.22245025634766,126.4783106289492,124.156654285009,124.156654285009,1964400
2018-07-20,126.08028411865234,127.09422549798172,125.1516246903987,125.94761848604468,1529500
2018-07-23,125.11373138427734,126.08030369159682,124.96210936362492,126.08030369159682,1497800
2018-07-24,123.2090301513672,125.37906431969652,122.02451021113956,125.09477664214752,3871100
2018-07-25,124.61149597167967,124.82944358898568,120.54622272602388,122.24245612430934,2718500
2018-07-26,124.1092529296875,126.6583419597729,123.9197326456285,125.24638909351232,1960200
2018-07-27,121.81603240966795,124.96210982266804,121.61702669939667,124.26088327865024,2028400
2018-07-30,119.31433868408205,121.74023342518748,119.10586199919268,121.56965501960836,2040100
2018-07-31,121.14320373535156,121.351680373846,119.11530644592658,119.5985925415514,1614300
2018-08-01,121.1716537475586,122.41302109489727,120.3187979492976,121.08636455286452,2321700
2018-08-02,122.36563873291016,122.54568805703578,119.32378550727329,120.08188107542152,1513100
2018-08-03,121.47489166259766,122.5077895839345,120.89684535129936,122.34669660661818,1326500
2018-08-06,122.50778198242188,122.72572959003551,120.72626669912994,121.77811369322876,2014700
2018-08-07,117.911865234375,120.18614519730735,117.46648453470756,118.74576475456428,3859000
2018-08-08,115.25851440429688,119.0868833447771,115.13532694524945,118.0824128470828,2864500
2018-08-09,114.46253204345705,116.462002286387,114.29196088241017,115.63757380303775,3202700
2018-08-10,113.86553955078124,115.2680071515893,113.4959626674716,114.25405834285812,2314200
2018-08-13,114.14981842041016,115.08795620261816,113.6191557928559,114.32986776750296,1713000
2018-08-14,115.23957824707033,115.60914789557071,114.50990990432312,115.1448180963818,2162500
2018-08-15,114.12139129638672,114.6804812471401,113.06953699370334,114.24457876950116,2115700
2018-08-16,115.75130462646484,116.39568384453482,114.76578304413802,114.83211587998036,2475600
2018-08-17,117.36222076416016,117.39064808270577,115.05951397541033,115.70389303813928,2652800
2018-08-20,117.88341522216795,117.99712449910156,117.15374695641258,117.35274542078167,2439600
2018-08-21,118.60362243652344,119.0584740694291,117.85500492639086,117.91185957306998,2488400
2018-08-22,117.6148452758789,118.56557558180646,117.46273219874872,118.21380275735449,1582600
2018-08-23,116.16024017333984,117.72894677878868,116.0081198281703,117.5578150172216,1667200
2018-08-24,117.04441833496094,117.50076485802605,116.27432904385284,116.54053239122368,1408300
2018-08-27,118.16629028320312,118.55608600176356,117.49127252394167,117.58634411967608,1269900
2018-08-28,118.53707122802734,119.097998704428,117.48175986220812,118.44199963498458,1698200
2018-08-29,120.69522857666016,121.4653251789656,118.04269698554528,118.18530075125209,3105300
2018-08-30,119.9916763305664,120.79029359457108,119.54483190652174,120.6096525073623,1814900
2018-08-31,120.2388687133789,120.99944864247198,119.99167679101262,120.1152691254473,2249700
2018-09-04,120.31493377685548,120.47655620234428,118.89834027299072,119.89661008406348,2069200
2018-09-05,118.8508071899414,119.97266933183376,118.7081961818158,119.50680622172366,3074400
2018-09-06,118.82227325439452,119.45926079937804,117.47223074790423,118.95537491294344,2464700
2018-09-07,120.37199401855467,120.45755628531116,118.25186172688625,118.85082660817514,2916800
2018-09-10,121.3892593383789,121.73151561360558,120.45754034274172,120.81882254167124,4017400
2018-09-11,121.07551574707033,121.89315172996471,120.42901878088422,120.64768996579164,2683300
2018-09-12,121.28466033935548,121.4177619969697,120.2673792398774,120.9138761140735,1456600
2018-09-13,123.15760803222656,123.46184871962971,121.70299169969198,121.7410290391146,1928300
2018-09-14,124.00375366210938,124.4125752597902,123.04352122280308,123.42382207029615,1693800
2018-09-17,123.37628936767578,124.07982058659924,122.98648641789698,123.8706587358396,1935400
2018-09-18,123.414306640625,123.8516489925985,122.88189995613142,123.45234397922832,1755900
2018-09-19,124.76435089111328,125.10661442790536,123.38579466211564,123.88017855014758,1625400
2018-09-20,125.66751861572266,125.73407669717965,123.82311409995152,125.23019082069172,1811400
2018-09-21,124.45059967041016,126.78940276444322,123.98475107343592,126.12389440662704,5530900
2018-09-24,123.82313537597656,124.31750475034896,122.06427829258968,123.95623705476837,1566800
2018-09-25,122.90093231201172,124.29850726794214,122.78683479048964,124.26998651431056,1362800
2018-09-26,124.52667999267578,125.53445202716722,122.96748251333128,123.13862155131848,2358600
2018-09-27,126.84645080566406,126.92251098004957,123.91819937329991,124.0513010517258,1935000
2018-09-28,125.52493286132812,126.57074209837631,125.37281251648577,126.25699932726188,2439000
2018-10-01,122.02626037597656,126.31404952918884,121.97872095156492,126.13340842062192,2299500
2018-10-02,119.76349639892578,122.15934080382804,119.74447773107134,121.84559806569855,2168900
2018-10-03,118.45150756835938,120.6381905838535,118.2138249472621,120.07726307974296,2451700
2018-10-04,116.17925262451172,118.42297696126572,115.11443921283006,118.16628294337742,2714300
2018-10-05,115.46619415283205,117.43420561981245,114.363350756409,116.86376888004212,2303000
2018-10-08,114.62957000732422,115.694390722035,113.61228871648804,115.46621019163418,1676800
2018-10-09,113.86897277832033,115.28556624660165,113.78341052703333,114.5439977214595,1718200
2018-10-10,110.74108123779295,113.76440422871488,110.6745303992993,113.3936126959674,2233200
2018-10-11,108.98221588134766,111.6347543910796,108.43079779873602,110.6079638866356,2606800
2018-10-12,111.7013168334961,112.08161045838736,110.03753857140714,111.43511347212149,2303400
2018-10-15,109.81887817382812,111.61575817453682,109.78084808476312,111.28300396209036,1509700
2018-10-16,112.1386489868164,112.49993118494726,110.2466975014112,110.50339877413548,1560600
2018-10-17,112.14816284179688,112.8802293491473,110.63650491026428,112.34781536557487,1067700
2018-10-18,109.60971069335938,112.11963841503604,109.44808826323944,111.70131471025744,2185100
2018-10-19,106.51982879638672,109.6097024197301,106.49130804657688,109.05827707841726,2664200
2018-10-22,105.99693298339844,107.54662821737992,105.79728046469786,107.00471216562194,1559600
2018-10-23,106.81454467773438,106.86208409276372,102.58379786599068,105.53106026040172,4007800
2018-10-24,101.85174560546876,108.17410424501578,101.69012317757064,106.51032603742432,5159500
2018-10-25,106.04447174072266,106.84308181051468,102.83100553773014,102.83100553773014,3274400
2018-10-26,107.17584228515624,108.55439847792694,103.09720795681392,103.2778418022924,3121000
2018-10-29,107.22335815429688,108.88713611848377,105.7212025943633,108.30719007640178,2868600
2018-10-30,109.59068298339844,109.68576182009454,106.90962371759728,107.28991730389112,2419800
2018-10-31,111.13087463378906,112.87071298718504,110.48437767887404,110.59846793685806,2437900
2018-11-01,115.12393188476562,115.2570408038436,110.30372941408405,112.65203448376168,2471200
2018-11-02,114.9718246459961,116.91131548322257,114.03060360484844,116.21727911728726,2814100
2018-11-05,114.73413848876952,115.54225783247549,113.8119288922416,115.32359391477112,2425000
2018-11-06,108.90616607666016,111.6157461628398,106.58638166782713,109.33399183897907,6924600
2018-11-07,110.41783142089844,111.37807118496876,108.99173577769396,109.1628675450184,2503100
2018-11-08,111.14989471435548,111.43510948268992,109.5811881012754,109.91394229108091,1810500
2018-11-09,111.2734832763672,111.82490863131662,110.45585457861378,110.90269901267636,1687500
2018-11-12,109.40055084228516,111.53018498525762,109.07730597613202,110.8171371591577,1997200
2018-11-13,110.8076400756836,112.11013618787452,109.9995133668523,110.01853203836484,2381800
2018-11-14,110.5699462890625,112.18618503649448,109.90443066979856,111.56820883771266,1383000
2018-11-15,112.48090362548828,112.77563496174956,109.3625092868941,109.56216178684711,1596200
2018-11-16,112.8041534423828,113.44114101325393,111.27347705336638,111.44460880038363,1369300
2018-11-19,110.76009368896484,113.00381805556188,109.7047823447816,112.61401510253135,1696700
2018-11-20,110.25442504882812,110.95091260596588,107.94553345681338,109.0141148127008,2237700
2018-11-21,111.79049682617188,113.28841479701856,110.76007996901107,110.76962288781284,1317500
2018-11-23,111.87637329101562,112.58239645094577,110.4834055304553,111.16080721187826,445200
2018-11-26,114.39517974853516,114.97717414870056,112.84955420199692,113.5269559689353,1284600
2018-11-27,114.4619598388672,114.8722180464268,113.60327902314762,114.49058131953863,1539400
2018-11-28,116.5800323486328,116.6563538678317,113.07852333691726,114.4810340696941,1497700
2018-11-29,116.24609375,117.1906462354762,115.01532647337598,115.79767844534386,1180700
2018-11-30,109.74874114990234,111.36115219443744,108.17449449874772,108.38439502278352,9553400
2018-12-03,114.04214477539062,114.57643176027491,110.37845011484536,110.6742150844614,3621000
2018-12-04,108.28900909423828,113.75593760198277,107.7356361994563,113.53649411642604,3097500
2018-12-06,110.02544403076172,110.19718018715304,106.00873383423028,106.55256378295032,2921400
2018-12-07,106.14231872558594,110.91276001662352,105.60803163030675,109.57703499930984,2637000
2018-12-10,105.72248840332033,107.19178478920688,104.18640614894406,106.32356849884113,1787200
2018-12-11,104.9783172607422,107.75471725219909,104.74933814446288,107.17272290235653,2613800
2018-12-12,105.01648712158205,106.76247026191324,104.92107975809668,105.13098032523358,2615800
2018-12-13,103.85248565673828,105.88469791803342,103.2704913478252,105.49351831274802,2066600
2018-12-14,102.71712493896484,104.93060896651082,102.4404385256323,103.04151138824928,2241600
2018-12-17,102.71712493896484,104.31998590594344,101.68670807809492,102.96518259578907,2353400
2018-12-18,103.27050018310548,104.36770302062142,102.58355554469148,103.71892278202098,1882400
2018-12-19,101.50543975830078,104.711176589756,100.90436683207108,103.7666313402193,2234000
2018-12-20,99.40643310546876,101.3623091784564,98.23290163838502,101.3623091784564,4183600
2018-12-21,98.15657806396484,101.6390009768078,97.60321251525016,99.59725308844573,4319200
2018-12-24,96.35334777832033,98.26152383172108,96.0003398670741,97.81310129451369,1450100
2018-12-26,100.73262786865234,100.82803522711396,96.76361770043847,97.03076121577696,2505400
2018-12-27,101.73441314697266,101.76304190489724,98.08026119631494,99.48276461180475,1630200
2018-12-28,102.31640625,103.537637858643,101.514975736496,102.26870621226166,1282000
2018-12-31,103.5758056640625,103.5758056640625,102.45952429247734,102.6694248469528,1771200
2019-01-02,102.5263214111328,103.6044385020008,100.45595167703328,101.8202981515872,1802100
2019-01-03,97.06892395019533,102.08742953364631,96.9067307156808,101.46727079560962,3344300
2019-01-04,102.86021423339844,102.96516448479248,98.40462548462564,98.40462548462564,3045300
2019-01-07,103.05106353759766,103.88111557283057,101.0856369908283,102.47861210109896,1529000
2019-01-08,104.72071075439452,105.01647573285884,102.86977753122304,103.86203001791732,1631100
2019-01-09,104.18641662597656,105.45535553399918,103.60442230813506,104.88290413521976,2750100
2019-01-10,104.99739074707033,106.06596468340032,103.04150737142996,103.34681525025483,1682900
2019-01-11,104.39632415771484,104.42494563770222,102.40228340803412,104.25320947866297,1819700
2019-01-14,103.16555786132812,104.09102461062876,102.87933575932048,103.64260197712304,1411400
2019-01-15,105.1214370727539,105.17868003484108,102.60264483330609,103.30866805580344,1788100
2019-01-16,104.26274871826172,106.25679667667464,104.08146964592018,104.82566449489956,2817100
2019-01-17,103.48992156982422,104.84472471797238,103.2132351895776,103.80477234173726,2143900
2019-01-18,104.04330444335938,104.75887047865317,103.28957401268958,104.75887047865317,2361200
2019-01-22,102.3354949951172,103.85249162981611,101.15242047141508,103.71891987377148,2799300
2019-01-23,103.12738800048828,103.39453880565137,101.68672008799908,102.51677214691726,1660300
2019-01-24,103.27050018310548,103.94790190178732,102.4690696243658,103.09876402350196,769200
2019-01-25,104.80656433105467,104.88289311730416,102.86022395637552,104.16732712422125,1587700
2019-01-28,105.45536041259766,105.75112540517496,103.74754177719952,104.10055700768342,1355500
2019-01-29,106.01828002929688,106.22817331215788,104.9306200982527,105.39812126321712,1186700
2019-01-30,108.4225845336914,108.5561563019099,105.92287078153107,106.61935838362642,2514400
2019-01-31,109.27169799804688,109.74874200032885,107.50663664542638,108.38439586263787,2281100
2019-02-01,109.30987548828124,109.91094838269088,108.77558847102826,109.51977603909198,1540800
2019-02-04,110.34031677246094,110.37848117913832,109.17632784570723,109.41484992810378,1070200
2019-02-05,111.5424346923828,111.62829912080872,110.45476764519007,110.64558961799317,1448900
2019-02-06,111.88591766357422,112.34388319277582,111.31346621140858,111.40887357358366,1555800
2019-02-07,110.21624755859376,111.4661078451074,109.49114588665194,111.0749282533818,1360000
2019-02-08,110.17810821533205,110.20672969658956,109.31942738203004,109.31942738203004,1381300
2019-02-11,110.34031677246094,111.33256950872448,110.15903766052236,110.54067444818008,1022200
2019-02-12,109.4720687866211,111.40886650442998,109.2335467567606,111.06540147821636,2374500
2019-02-13,113.40290832519533,114.11847437607156,110.60742999527425,110.67421586885813,2296100
2019-02-14,113.1739501953125,113.35522201198847,111.2848522681873,112.71598463509208,1785400
2019-02-15,115.49237823486328,116.01712237154756,113.35521544971192,114.299767998151,2012900
2019-02-19,116.42738342285156,116.78039868200702,114.63370020358452,114.7672719710238,2625600
2019-02-20,121.1405792236328,121.42680131452148,116.35105241080744,116.91396823071774,3337600
2019-02-21,121.5221939086914,122.36178874705962,119.69033937543924,121.2073431146356,2893000
2019-02-22,122.92471313476562,123.76431536118317,121.7130243931606,122.05649670776508,2085700
2019-02-25,122.58124542236328,124.18412113677256,122.52400246081837,123.73569852703028,2325100
2019-02-26,122.66712188720705,123.9360463305031,122.28547788774618,122.30456372727672,1979200
2019-02-27,121.10240173339844,122.7338914962099,120.8257153133968,121.78934632386948,2168600
2019-02-28,119.90594482421876,121.56186956774091,119.65708326257844,121.3321483944174,3312900
2019-03-01,119.12102508544922,121.1311085396137,116.99609202988805,120.1164929696224,4407900
2019-03-04,118.63288879394533,121.07369335588898,117.101394987192,121.07369335588898,2095100
2019-03-05,119.8580551147461,120.19306658250152,118.6902945962538,118.6902945962538,1797400
2019-03-06,119.76236724853516,120.45153073163976,119.47521032021352,119.81979571311786,1644400
2019-03-07,116.98654174804688,119.80065330847674,116.84296328630384,119.771931773965,2043300
2019-03-08,115.53160858154295,116.3356434780554,114.852011743146,116.00063198063478,2261300
2019-03-11,115.10088348388672,115.98148724313133,114.9668788815105,115.68476380968444,2193300
2019-03-12,115.52205657958984,116.38351273774536,114.00013658162096,115.34019004265734,2185300
2019-03-13,115.04344177246094,117.40767703196512,114.87114911744072,115.95275965563842,3071900
2019-03-14,114.49786376953124,115.3688936925562,113.89483575088772,114.86158950733132,2363600
2019-03-15,117.0822525024414,119.4847762485908,114.756304905798,114.88073567171752,3601300
2019-03-18,119.60920715332033,120.5759609595205,118.5275964254314,119.6379213837425,2436700
2019-03-19,120.3653793334961,121.29384505821884,119.322056687911,119.61878013707675,2352400
2019-03-20,118.37443542480467,120.34623096706028,118.25000466788735,120.02078600655666,1927600
2019-03-21,119.70492553710938,119.81978976327508,117.71399673582988,118.08729634248876,1710600
2019-03-22,119.1688995361328,119.56134680697104,118.13514347425492,119.04446877603208,3400700
2019-03-25,118.36488342285156,119.12104920361158,117.85757188379048,118.69989496547385,1493700
2019-03-26,118.2691421508789,119.26461008990358,117.47468841050878,117.62783339198026,1722600
2019-03-27,116.9386749267578,118.42230679809776,116.13464725901224,118.42230679809776,1924900
2019-03-28,118.7668914794922,119.03490070051411,117.04396462620316,117.04396462620316,1496300
2019-03-29,119.73363494873048,120.0877941547921,118.5658815585476,118.6998861656621,2175100
2019-04-01,121.99256896972656,122.12657356451948,120.4610826701628,120.83438222747202,1383400
2019-04-02,122.99761962890624,123.09334346299796,121.09283363427387,121.782004344596,1783100
2019-04-03,125.955322265625,126.2041984319972,123.2082201306124,123.90695749419294,2218400
2019-04-04,126.53917694091795,126.82633382537736,125.51500206634672,125.91701586242752,2269000
2019-04-05,128.31951904296875,129.03740387837735,126.65403557227962,126.89333051741582,2210300
2019-04-08,129.13316345214844,129.18102537550826,127.75482184967296,128.14726917365164,1866700
2019-04-09,126.96990966796876,129.17142638982878,126.60619123255992,128.3865464556668,1689000
2019-04-10,127.0656280517578,127.4772083862648,126.63490003029064,127.295356479063,1476700
2019-04-11,127.5442352294922,128.0898348410696,127.036930997012,127.70695407713605,1245200
2019-04-12,128.88426208496094,128.97041937232086,127.5537826660676,127.77394454938062,1163900
2019-04-15,128.61627197265625,129.19058581502645,127.40066388811138,128.7407100464316,657400
2019-04-16,129.9850616455078,130.0903520416512,128.61628649564392,128.645000730464,979900
2019-04-17,130.10946655273438,131.07622767168746,129.84145732907007,130.4349188432473,1111300
2019-04-18,128.65451049804688,130.88474066594023,127.77390703952524,130.88474066594023,1378300
2019-04-22,130.04249572753906,130.32965269354227,127.62083111713623,127.92712117023902,1182300
2019-04-23,130.4445037841797,130.9326603806925,129.64047599977883,130.4445037841797,1036900
2019-04-24,129.67874145507812,130.2147599146771,128.89386145506748,128.89386145506748,1232500
2019-04-25,129.8701629638672,130.3679006057595,128.36739810245865,129.14271149141405,926100
2019-04-26,130.60719299316406,131.16235908168866,129.76488462213194,130.41575993635703,837500
2019-04-29,130.14776611328125,131.22938418987766,130.00419495506392,130.60720842498446,1144500
2019-04-30,130.5784912109375,130.97093850831175,129.4873066171851,130.51149620710214,1259700
2019-05-01,132.91400146484375,134.35933785553462,131.66966467407494,131.89939310796348,1632100
2019-05-02,131.02835083007812,133.10542937963575,129.9084521432884,132.61727290757014,1155500
2019-05-03,134.13919067382812,134.27319527568383,131.4016555741416,131.88981206545753,1076700
2019-05-06,131.85150146484375,132.25351517945663,130.73160298726438,131.57392578287397,1415300
2019-05-07,129.3628692626953,131.22938191967742,128.32912773059823,130.32963039599338,1547000
2019-05-08,128.99913024902344,129.58301053166883,127.87923159648822,128.6641114651397,1244700
2019-05-09,129.66915893554688,130.3391819274869,127.10390927374046,128.19509374787302,1913700
2019-05-10,126.07017517089844,126.4530413012345,122.2318742991384,125.27571407531478,4463200
2019-05-13,120.61424255371094,124.22280760271308,120.33665950337182,123.92608416735546,2392100
2019-05-14,124.30894470214844,125.36184839842224,120.90138671116144,121.2555458910629,2273400
2019-05-15,126.1850128173828,126.66360270991386,121.8202680316622,123.2751780917676,1907900
2019-05-16,126.8358917236328,127.58249080911057,125.35227469826349,126.41474487458257,1818400
2019-05-17,125.30442810058594,127.46764948373152,125.26613272437076,126.49132186593722,1653500
2019-05-20,122.38502502441406,124.04094219472772,122.03086582542,123.23691456808594,1591800
2019-05-21,123.88780975341795,124.09839053776726,122.58605887621702,123.19865353830346,1780100
2019-05-22,122.29888153076172,123.66764917971302,122.16487691920317,123.3134972646098,1620100
2019-05-23,119.05142974853516,121.15555375633386,118.68632504937288,121.04026370838125,2227100
2019-05-24,120.09869384765624,120.80967606276646,119.50300168728457,119.74319907497988,1357100
2019-05-28,118.8496551513672,120.57907913884178,118.78240018131216,120.24280428856672,3209100
2019-05-29,119.54141235351562,119.74317724276374,117.71591107381788,118.45572299796882,1321900
2019-05-30,119.76241302490234,120.67516012073096,118.96495597808828,119.82005804940962,1116200
2019-05-31,119.9449462890625,120.64632578286869,117.65827013475784,118.6094495971052,2000000
2019-06-03,119.48377227783205,120.35808683406388,118.61906033797968,119.86808951001548,2263500
2019-06-04,123.15399169921876,123.21165138431876,120.5886928106742,121.34771739916296,1796000
2019-06-05,122.54869079589844,123.58634510625716,121.48221397640332,123.50948019506583,1422600
2019-06-06,123.55752563476562,123.95143815614163,121.9818242375706,122.61594877512682,1355300
2019-06-07,127.3238296508789,127.81382702197588,123.94184647922336,124.4222412330188,1458500
2019-06-10,127.5447998046875,129.47598132621602,127.27577993085715,127.9099044879502,1315500
2019-06-11,129.24537658691406,130.1581234604816,127.9867449900442,128.88027197329473,1387500
2019-06-12,127.49674987792967,130.11009820708534,127.47752998508042,129.58166110735115,1184300
2019-06-13,128.38070678710938,129.06287388096325,126.85305478062418,128.03482193087817,1115900
2019-06-14,128.43832397460938,128.77460613932686,126.98753721297896,128.39029623149253,872500
2019-06-17,127.64088439941406,128.8514738296142,127.38146714276988,128.78421153102798,1263600
2019-06-18,129.66815185546875,130.95560621219354,128.6016749694096,129.70657698322134,1531600
2019-06-19,130.35987854003906,130.51360833871604,128.8322271494481,129.70654888638276,1222300
2019-06-20,131.81068420410156,132.9924509183655,131.10931213178827,131.53204710190082,1582700
2019-06-21,131.6954345703125,132.63700425236578,130.70580781674855,131.1862026060288,2353500
2019-06-24,131.3975372314453,132.56970133102587,131.04204988763976,132.01244178692355,1095200
2019-06-25,128.0540313720703,131.36875242166545,127.53521146033198,131.34954718601662,1729600
2019-06-26,130.33108520507812,130.91716736578613,128.4575486783833,128.88990100600768,1546300
2019-06-27,132.8675537109375,133.38638817351728,130.5808850107148,130.59048762650994,1865200
2019-06-28,134.7891387939453,134.95248589355623,132.7330500595053,133.0212898122831,3030300
2019-07-01,135.69227600097656,137.29679245864764,135.25992372491848,136.82601505914346,1824200
2019-07-02,135.7211151123047,135.7307323897043,133.78993355740113,135.2887627833542,986400
2019-07-03,136.19190979003906,136.51857469712155,135.5577852100666,136.23033491890826,650500
2019-07-05,136.4416961669922,136.6050286042388,134.15502738505677,135.36561674019904,1274100
2019-07-08,135.75953674316406,136.18228639865623,134.52972756017695,136.18228639865623,1166400
2019-07-09,134.04930114746094,134.13576864911403,132.44478508804704,133.1941994233307,1808000
2019-07-10,136.0189666748047,136.0669944179296,133.54973080207958,133.96286322004687,1956800
2019-07-11,136.33602905273438,136.67231125393272,135.18308454367337,136.67231125393272,1290500
2019-07-12,136.9605255126953,137.15268045163447,136.0862036809678,136.653065882007,1057900
2019-07-15,137.1815185546875,137.27760336532134,135.35602443651442,136.50896886170182,1656100
2019-07-16,138.3152313232422,138.58425114904455,137.0085573148531,137.38326454796933,1023500
2019-07-17,135.70187377929688,138.29600172339823,135.61539160812555,138.29600172339823,1229400
2019-07-18,134.318359375,135.3271911645003,133.2422652913078,135.163844067315,1597400
2019-07-19,132.32949829101562,134.73147139774528,132.23342816303466,134.73147139774528,1549800
2019-07-22,130.72499084472656,132.38715224191876,130.08126376790045,132.1085297933301,1998100
2019-07-23,135.17343139648438,135.35598368543816,130.77301521507388,131.9355765676073,2288100
2019-07-24,134.3087615966797,135.01975112479397,132.34875741122116,134.58739876952214,1730000
2019-07-25,135.20230102539062,136.18231043056508,133.84758429772072,134.18386649042782,1395500
2019-07-26,134.7698974609375,135.7979342225382,134.43361539602876,135.7498918331971,1235200
2019-07-29,135.69227600097656,136.03816075391944,133.99168940444926,134.45286418821243,1113900
2019-07-30,135.28875732421875,135.91327925015457,134.39523019114205,134.82758250264635,947500
2019-07-31,133.60736083984375,135.69227191039022,132.39677157127915,135.4520745797676,1551600
2019-08-01,131.5032196044922,134.98128664931818,131.14773227429654,133.54010277817207,1268700
2019-08-02,130.64813232421875,131.8587362936366,130.13891513915578,131.39754684791453,1098700
2019-08-05,125.22927856445312,129.25498822889375,124.76810378800224,128.83223857527966,3161900
2019-08-06,123.45182800292967,127.2565455926677,121.3476969953482,121.61671683864354,3932500
2019-08-07,122.80809783935548,123.85536207170752,119.87768730825786,121.3188713733404,2447900
2019-08-08,125.22927856445312,125.92104805937036,123.19240986302002,124.04751178583692,1651000
2019-08-09,127.26618194580078,127.76578192367738,124.64321608977008,126.19008775083276,2304400
2019-08-12,124.91222381591795,126.58400263898072,124.74889137822235,126.05556554026988,2305300
2019-08-13,127.2181396484375,128.0059794052934,124.91223608051487,125.08518581183904,1610200
2019-08-14,121.8761215209961,126.75692560530833,121.28043684497158,125.2484940242678,2103300
2019-08-15,121.7320327758789,124.21087156849605,121.078695590156,123.83616423126816,1945200
2019-08-16,123.76889038085938,124.19162537758446,122.33730897995046,122.9233910664453,1269600
2019-08-19,125.45026397705078,126.09399103873058,124.8641819267929,125.75770892479468,1289300
2019-08-20,125.55596923828124,126.43990851059216,124.64322211328036,124.93146190551349,979800
2019-08-21,123.7719497680664,126.95423183992813,123.43442786855115,126.88673628874336,1646600
2019-08-22,123.55013275146484,124.81340451572234,122.44115754081126,124.23481451150148,963900
2019-08-23,120.63786315917967,123.35727755920072,120.22320034057915,122.72082262673544,1736100
2019-08-26,121.72756958007812,122.33509578194192,120.89824389401706,121.9204329389114,1263400
2019-08-27,120.87894439697266,122.66295608751877,120.7921580989572,122.48937613422284,1214800
2019-08-28,120.86930847167967,121.447913266076,120.21357010492628,120.70537387999131,1892200
2019-08-29,121.2454071044922,122.9136965395846,120.90788518150823,122.6629682805086,1701900
2019-08-30,121.56360626220705,123.05832278083558,121.30324003782576,121.79505108083951,1871600
2019-09-03,119.8374481201172,120.4835556864459,119.22027667306074,120.4835556864459,1895000
2019-09-04,121.20684051513672,121.53470972590908,120.46430106700794,121.12969222180222,2471500
2019-09-05,123.87802124023438,124.27338594115558,121.42861118237047,122.36401384110586,2941800
2019-09-06,124.81340789794922,125.15092977878793,123.48264055200929,123.91658674556643,1120200
2019-09-09,125.27629852294922,125.31486530542364,123.78158187642718,125.16056874646644,1291100
2019-09-10,126.99279022216795,127.01208096807945,124.08050559970148,125.36306798405089,1259000
2019-09-11,128.3428955078125,128.82506133183873,126.16351128044592,126.70353464902998,1613900
2019-09-12,127.78352355957033,129.57718020183523,127.66780852281984,128.73821675634127,1080100
2019-09-13,129.21078491210938,130.6283534154445,127.83178319495669,128.23680066526225,1168300
2019-09-16,125.82593536376952,128.06319089089405,125.53663305049972,128.06319089089405,1310600
2019-09-17,125.9030990600586,126.74206262829752,125.15092178207982,126.0188141137388,877400
2019-09-18,125.54631805419922,125.82596770971556,124.11911158024512,125.48846051957726,1087200
2019-09-19,124.92914581298828,126.66494541483804,124.7941399947628,125.83561975587264,1088500
2019-09-20,122.4411849975586,124.84237598993708,122.33510793248487,124.4662872527725,3007100
2019-09-23,121.36112213134766,122.27724150337625,120.9271758837791,121.74685621655624,2961700
2019-09-24,117.90880584716795,121.61184252551776,117.83166492092764,121.61184252551776,2735000
2019-09-25,118.64169311523438,118.96956962295484,116.95411313464676,118.13059864113308,2925900
2019-09-26,117.3302001953125,118.5066856857196,117.0216144402274,117.99559121860352,2709000
2019-09-27,116.46231079101562,118.61277325055995,115.73906217363415,118.1113241130389,3215500
2019-09-30,119.93390655517578,120.16534404597834,116.3562377146952,117.53271591801293,2770700
2019-10-01,118.99850463867188,121.90114441777686,118.91171098076228,120.5896530325391,1840300
2019-10-02,116.03800964355467,117.93774385087826,115.33404442056217,117.93774385087826,1859100
2019-10-03,114.77472686767578,116.3755206190764,114.30220651339825,115.99943193912377,2329100
2019-10-04,116.54908752441406,116.7033767146033,115.33402796364244,115.6811878381486,1909000
2019-10-07,114.94831085205078,116.40445346435344,114.6397250690395,115.79692727328089,1707000
2019-10-08,113.47289276123048,114.68795258538482,112.68214117728436,113.98398731024534,1717700
2019-10-09,114.2636260986328,114.81329470509704,113.06785721667396,114.36005776766316,1454300
2019-10-10,113.97432708740234,115.5654679636652,113.47287065443804,114.34077035974973,1683300
2019-10-11,116.8576889038086,117.94738082631666,114.78437475278412,115.4594112023526,1828800
2019-10-14,115.81621551513672,116.88662410417687,115.1122576168857,116.48160662650376,1065200
2019-10-15,116.79019165039062,117.36878909427962,115.99944009371366,116.03801423760837,905700
2019-10-16,116.7708969116211,117.35913971070936,116.04764829214524,116.8576905717362,1097300
2019-10-17,116.26944732666016,117.3880753853127,116.05729322193189,116.50088482397037,967300
2019-10-18,116.7323226928711,117.06983722234736,114.71686617582998,116.10550579112088,1437500
2019-10-21,118.61277770996094,118.99851179185296,117.56165987800246,117.89917444068335,1820900
2019-10-22,117.69667053222656,118.62242795239231,117.50379980473411,118.24633923036454,1722600
2019-10-23,119.0853042602539,119.25888423822462,116.70340409037036,117.12771233813568,1446400
2019-10-24,119.8664093017578,120.20392385786384,118.47776957690392,119.50960399543688,1335500
2019-10-25,121.6793441772461,122.20008404963129,119.35530182218992,119.35530182218992,1364600
2019-10-28,122.08434295654295,122.23863949836526,120.67642012010286,121.53467440151316,1017100
2019-10-29,122.01683807373048,122.6340095164508,121.06215214784496,122.2482755254346,1229000
2019-10-30,121.93006896972656,122.43151807862306,120.26177235033568,121.86256606358155,931700
2019-10-31,122.03614807128906,122.3157977176957,120.28106512469736,121.467188689401,1500000
2019-11-01,123.51156616210938,124.51446433303366,122.4122289664006,123.66586271595288,1633400
2019-11-04,125.51739501953124,125.90312174431504,122.92334085894596,124.26376109218693,2225900
2019-11-05,128.92147827148438,129.52901181421163,123.19334691014376,123.444067798405,3577800
2019-11-06,127.85105895996094,128.9986156819212,127.0410241142935,128.66109380562835,1678200
2019-11-07,128.31393432617188,129.35541400875695,127.33031217353104,127.8221306071162,1651900
2019-11-08,128.44894409179688,128.6418074357298,127.27245856491724,128.1017841869057,1020300
2019-11-11,127.0506820678711,127.70642046073004,126.1634988051334,127.53284784421976,1282700
2019-11-12,127.80284118652344,129.4518543797115,127.30138473091516,127.44604327180792,1365100
2019-11-13,128.88290405273438,129.07578213178726,126.82888788451102,127.51355503574165,1274800
2019-11-14,129.7507781982422,129.96293225950828,128.1982042305374,128.66107913033258,1238200
2019-11-15,130.6862030029297,131.1105111977833,129.38434965185886,130.09796022634268,1371200
2019-11-18,130.84048461914062,131.44801814382606,130.21367505983645,130.34868087481877,1568700
2019-11-19,130.63800048828125,131.46732623673233,130.4065556115511,131.26481013027694,992700
2019-11-20,128.43150329589844,130.24121071739077,127.02823874819974,129.54442197146628,1408600
2019-11-21,128.69277954101562,129.2153784495333,127.11534006080704,128.86698409947232,997300
2019-11-22,131.85733032226562,132.11862971707154,128.55726441933064,129.30244392541093,1304500
2019-11-25,133.5315704345703,134.04448224439284,132.1960711782641,132.58316941580335,1422500
2019-11-26,135.56385803222656,135.77676646926588,132.9121896225502,133.6960730648997,1757600
2019-11-27,136.7832489013672,137.18003420218685,135.58323547800254,135.66064331376347,1361700
2019-11-29,135.8348388671875,137.18002511894974,135.54450781832756,136.2316241417344,751600
2019-12-02,135.90255737304688,136.2703109732888,135.37030107818984,136.1444974222905,1402100
2019-12-03,134.09286499023438,134.65416773703052,133.3186537957966,134.4218999486441,1121000
2019-12-04,134.7703094482422,135.32193997030825,133.91869032847367,133.9961129333348,1149800
2019-12-05,135.77676391601562,135.97031300963457,135.01222506097426,135.4574012664622,991600
2019-12-06,137.70260620117188,138.11875080776022,136.45420191510735,136.75420524456507,1349100
2019-12-09,136.79293823242188,137.96392004515025,136.7639066018155,137.63488505371018,825100
2019-12-10,136.03810119628906,137.32520967235448,135.6800197681884,136.54132602645998,1166100
2019-12-11,138.14779663085938,138.63167682921613,136.2606668106383,136.72518766634232,1428800
2019-12-12,140.4220428466797,140.89623600168736,137.74134234860043,138.0413457160997,1472600
2019-12-13,141.44786071777344,141.7285047306241,139.65749810761605,140.37364610504932,1615400
2019-12-16,143.13174438476562,144.14789566677726,142.31882926589654,142.84142810434844,1303600
2019-12-17,144.10919189453125,144.49629011337157,142.92852313016263,143.0930406115123,1251700
2019-12-18,144.7285614013672,144.89307888669154,143.59628357871088,144.11886766345577,1201600
2019-12-19,145.20277404785156,145.58020003950654,144.3511548779023,144.3511548779023,1889800
2019-12-20,145.9382781982422,146.66409853268286,143.73178556289074,146.40279907756553,2853600
2019-12-23,146.3640899658203,146.9931283266168,145.76406846917155,146.1318221509706,863600
2019-12-24,146.61569213867188,147.4479666253146,145.8027769936304,146.29632945308038,668300
2019-12-26,148.1931610107422,148.22219264261517,146.664097742404,146.86731916551497,691100
2019-12-27,147.8060302734375,148.44475563185594,147.61248116184572,148.43508334467407,629800
2019-12-30,146.9737548828125,148.29959656095517,146.36407592345986,148.06732876838953,820300
2019-12-31,146.5479278564453,147.53504744809658,145.94792122566196,146.79955497272184,1186100
2020-01-02,146.6060333251953,147.68024799660168,146.1608570285579,146.6157056134594,1905600
2020-01-03,144.4575958251953,145.18341610902905,143.9446840059676,144.38017322289753,2116900
2020-01-06,142.58981323242188,143.2188663500645,141.4962540261723,143.13175669159895,2178200
2020-01-07,140.26719665527344,142.47368921607426,140.0155694970501,142.00916835244567,2073200
2020-01-08,141.99949645996094,142.8608027290242,140.05430313774494,140.45108849357894,1412800
2020-01-09,141.72850036621094,142.83174657502013,141.48656027860494,142.70594777092376,1197900
2020-01-10,140.7026824951172,141.8446474339477,140.37364750659972,141.48656604823006,848200
2020-01-13,142.06723022460938,142.2414200091964,140.84784266509283,141.06075113526708,987500
2020-01-14,142.40597534179688,142.87051109115558,141.39951075189788,141.68984190353314,944700
2020-01-15,142.55113220214844,143.37371981088498,141.92207898350435,142.03822029115562,799900
2020-01-16,144.2156524658203,144.23499704081823,142.74465258916618,143.20917342558548,804500
2020-01-17,145.41567993164062,145.773761339676,143.29629694984922,144.38018392868528,1058900
2020-01-21,139.71554565429688,143.65433704691714,138.79617634985215,143.30594275854494,2757200
2020-01-22,139.47360229492188,142.44463334604296,139.11553572835206,140.32523603903337,1297100
2020-01-23,140.28656005859375,140.38332724260562,136.69616232420316,137.83811255676926,1863100
2020-01-24,136.4735565185547,140.3445975732657,135.33159172865308,140.29620660671188,2073400
2020-01-27,133.55093383789062,135.12838799919447,129.06052621836315,133.28963439783715,2641200
2020-01-28,136.69619750976562,137.21878178512958,133.86066577517616,134.2380918537324,1958500
2020-01-29,138.01229858398438,138.6219923054903,135.85419722452198,136.93808404777656,1290700
2020-01-30,138.6897430419922,138.9123238032549,134.3541805071622,136.00904255132505,1848600
2020-01-31,135.54452514648438,137.66392287720237,134.4703104651692,137.5671409262595,2070200
2020-02-03,136.91871643066406,139.80265261612368,136.32838208578536,137.13162486762684,1527600
2020-02-04,142.64785766601562,143.46078751433785,139.04778828595224,139.8123271674809,1812900
2020-02-05,142.9478759765625,145.3285579712841,142.5607630084595,144.89306880316184,1872300
2020-02-06,141.50592041015625,144.07047944635343,141.08010349089682,143.5091766679525,1065900
2020-02-07,139.42523193359375,140.71234012322128,138.17681289126463,140.2381470323638,1717600
2020-02-10,141.03172302246094,141.1478643152679,137.8574700003126,138.3994134772376,1169800
2020-02-11,142.4446563720703,144.14790936877284,140.53816719290666,141.1672055494045,1461300
2020-02-12,145.91893005371094,146.10280691524463,143.26726091230827,143.26726091230827,1583400
2020-02-13,141.9897918701172,144.70919594032355,141.93172861502882,144.631773344589,1933900
2020-02-14,140.22848510742188,142.60918234255166,139.26072464493626,142.24142864141425,2441200
2020-02-18,140.26719665527344,141.1575344634166,139.58008026447004,139.58008026447004,2352800
2020-02-19,142.87045288085938,143.14142457415429,139.89942177436544,139.89942177436544,2018000
2020-02-20,142.10592651367188,144.109197529978,141.55431079191075,142.7736835191073,1279600
2020-02-21,138.6219940185547,140.82848637421915,137.94454997879842,140.69300051963805,1858100
2020-02-24,130.483154296875,132.95094660675673,129.89281978170214,132.4090030715529,3197500
2020-02-25,120.0797119140625,131.66380505543822,119.4990571521498,131.6057417942747,5128400
2020-02-26,116.31513214111328,123.55397625285892,115.9860897450741,122.2184694750474,4961200
2020-02-27,116.2471160888672,123.6704519338871,111.21401595606798,113.68198471901904,6958600
2020-02-28,120.48345947265624,120.80410271650932,112.71033305506552,112.95324325561523,6646600
2020-03-02,119.47295379638672,120.1725363697024,113.33218413832756,119.579834879145,6375500
2020-03-03,111.0391082763672,120.23082925865155,110.65045047782662,119.27862543590965,6796500
2020-03-04,114.9742660522461,115.17830974560594,108.1241949460254,112.21480212364516,7343700
2020-03-05,107.09425354003906,111.73869552444854,105.7145253396473,110.56301100892895,6977200
2020-03-06,107.52179718017578,110.39785366564246,100.94378342450018,101.6725141783086,6790100
2020-03-09,101.23526000976562,105.83111696438836,98.87417250660884,99.10736422914631,6687400
2020-03-10,106.86105346679688,106.90963105671491,99.88467255132352,105.74366511625271,5395500
2020-03-11,97.2709732055664,103.47975809842964,96.73656773374202,103.18826285688326,8901300
2020-03-12,91.05245971679688,95.0361855683714,86.24284065659596,87.44767318933363,9065700
2020-03-13,92.8985824584961,97.9219638845186,89.00230056608683,95.44428415958453,8552800
2020-03-16,83.96919250488281,88.48732351098637,75.90457866344777,82.2785396620614,9327200
2020-03-17,73.10626220703125,87.06874517532559,65.81895516130953,85.03801175714113,12101600
2020-03-18,62.00040435791016,65.25540344953532,45.2395995913142,65.24568496532618,25881800
2020-03-19,64.90560150146484,70.63827568127856,51.15688416125436,59.44497811759821,17497700
2020-03-20,72.46497344970703,81.61782810845648,67.5484659061222,71.61964327560682,18154700
2020-03-23,68.14116668701172,78.41140965428315,65.37199188751678,72.89248960957435,12931800
2020-03-24,76.8956527709961,79.05269654576145,72.87306042839137,73.89328623960127,9113100
2020-03-25,82.83238220214844,90.05167399147864,76.98310756526718,81.14172920411114,8717900
2020-03-26,80.46159362792969,93.27754155306874,78.3045492934297,85.11575518456864,10444300
2020-03-27,76.61388397216797,80.44215151481134,74.08761909862451,76.46813635362989,5749800
2020-03-30,74.00016784667969,76.2057892295721,70.77431323230257,74.53456584579686,6097800
2020-03-31,72.68844604492188,76.99281509545617,72.40666932270267,72.8536306152097,5173600
2020-04-01,67.18897247314453,69.3848830728516,65.73151106337147,68.01486578940951,7651300
2020-04-02,61.21337890625,68.58813004479522,59.80449880916802,67.32500127708865,8062700
2020-04-03,57.404544830322266,62.87488030276539,55.38353002569561,62.53480747819639,10622200
2020-04-06,68.58812713623047,68.88934085417506,61.97125502151228,62.71942266104852,12186100
2020-04-07,71.72652435302734,79.65511692700045,70.61885442181509,76.08918951764514,11850400
2020-04-08,80.18952941894531,81.55954676798112,72.83420744865356,73.10626573875167,9143600
2020-04-09,79.00411987304688,86.50518887038612,77.41062937665201,83.59998463053634,10337400
2020-04-13,75.87543487548828,79.25674849385473,73.56293218533341,79.24703000913503,4157800
2020-04-14,80.33525848388672,80.93767842490684,76.62359107025149,78.70290170750611,6093100
2020-04-15,78.4405746459961,79.66483686644997,75.33131925763887,75.80742123225983,4822700
2020-04-16,78.11019134521484,78.69317425324147,74.08759964289233,77.8186961846866,5398800
2020-04-17,81.8704605102539,83.20160373713868,79.95632683999878,82.8809678889227,5299500
2020-04-20,77.50778198242188,80.88909516830816,77.04139855797396,79.29560487755452,4155000
2020-04-21,77.63410949707031,77.77985711487278,74.92323049285876,75.42848049980464,4747000
2020-04-22,77.75070190429688,80.13122656777173,76.51672121750725,79.12071913768465,3709700
2020-04-23,78.80008697509766,81.13202695706909,77.69241678094198,78.16851881557977,4540300
2020-04-24,78.42112731933594,79.84944046759513,76.17663946523204,78.9458142358208,3545000
2020-04-27,82.85181427001953,83.81374407505135,79.21787946788301,80.04377273022791,5419500
2020-04-28,84.94083404541016,86.22339956092725,82.12307433938649,84.93112297512535,4210900
2020-04-29,93.26781463623048,94.68640956289062,87.80719712907867,88.39018022848208,7369500
2020-04-30,88.36101531982422,91.23707115255056,86.73836957570981,90.94557595197097,5366100
2020-05-01,82.34656524658203,85.97078902005345,81.84131524662602,84.62020136593156,4234300
2020-05-04,80.23809051513672,83.17244215752972,78.12963198235866,79.47049347515595,4087100
2020-05-05,81.28748321533203,84.60077490957086,80.7142112157111,82.706078074027,3457800
2020-05-06,78.80978393554688,82.52145140339954,78.57659222495212,81.92874993698847,3013100
2020-05-07,83.54167938232422,84.48416473291914,80.69477153714828,80.98625932980626,4032800
2020-05-08,84.69792938232422,85.99021346550967,83.22103858227746,85.58212609598728,4267900
2020-05-11,79.97575378417969,82.34655976492084,79.19844557345047,81.90932435970011,6832700
2020-05-12,77.08026123046875,81.50122212367658,77.02195774555052,80.60731442725576,3605500
2020-05-13,73.12569427490234,77.07055385235978,72.45525969947042,76.8179251493949,4880600
2020-05-14,77.00254821777344,77.0316962612975,69.49176012672196,70.92979204917933,5425400
2020-05-15,77.49807739257812,77.64382500479249,75.16613783624277,76.24465978838498,6526900
2020-05-18,90.96501159667967,91.23706982631616,82.46315485538616,82.6477615609076,11003400
2020-05-19,88.09867095947266,92.1504113808521,86.63149866549644,89.65329478161729,7090300
2020-05-20,90.05168151855469,90.343176762216,87.71002332342945,89.74075671806419,4265700
2020-05-21,88.75938415527344,90.4694740111374,87.71001032919573,89.36180411017676,3009000
2020-05-22,88.46790313720703,89.63386920226785,86.98128639666201,89.56585463868983,2259400
2020-05-26,92.22814178466795,95.15278263114494,91.86863943757704,95.1139161100752,6258400
2020-05-27,95.18193817138672,96.17301600420916,92.08240144229104,95.84265425559116,5392000
2020-05-28,89.04116821289062,95.14307165471108,88.93428712477332,94.84186535894317,5197500
2020-05-29,85.9902114868164,89.14804411203848,85.60155368110594,88.623357186284,5873100
2020-06-01,92.33502960205078,92.92773111880962,86.76753163384909,87.18533749954744,5074500
2020-06-02,92.8985824584961,94.58923546543164,91.34395857780642,94.47264330752456,5470700
2020-06-03,97.06690216064452,97.70818113317137,93.48154579946636,94.54063795993818,6136300
2020-06-04,101.8473892211914,102.07086986881588,95.29853224943136,97.30010994219644,6777800
2020-06-05,104.8983383178711,115.05198897463454,103.7420834109027,111.13627038194235,10069800
2020-06-08,109.93144989013672,111.2140155706156,107.37603701374452,110.24237467894882,6056200
2020-06-09,104.27649688720705,107.36631512115147,103.29513754212508,106.68616948378664,4008700
2020-06-10,99.70978546142578,103.6254968523698,97.2126688043578,103.02307686413562,5642000
2020-06-11,88.84685516357422,93.76335623764729,88.04039135670291,92.35447975680238,7614100
2020-06-12,89.64359283447266,94.98761786345088,87.51569685985477,94.84187024369056,7108300
2020-06-15,88.21527099609375,89.71159874945369,84.32870771350623,85.50439221692523,9049500
2020-06-16,91.32452392578124,93.6661819968936,88.12782455186056,93.60787850342986,6191300
2020-06-17,88.54562377929688,91.33423555482142,88.2249879479548,90.8678447072759,4423100
2020-06-18,90.11968231201172,91.50912892342434,87.61284732140193,87.93349055781196,3746900
2020-06-19,87.13675689697266,91.46055597092148,86.14568643287637,91.24680119817933,4880600
2020-06-22,87.62255859375,88.41930367096718,85.77643978175013,86.96184262144574,4588800
2020-06-23,88.05010223388672,88.89542508413604,86.3108641094774,88.41932311225743,5829200
2020-06-24,82.5894775390625,86.98129120058216,81.50123704867985,86.79668446812121,6403900
2020-06-25,81.65670013427734,82.1619501282223,79.79115143089838,81.21945729212092,5210900
2020-06-26,78.64462280273438,81.56925679690531,78.11993578724383,81.18060633775586,10150200
2020-06-29,84.14410400390625,84.15382248896476,77.98390399652088,79.21788472979682,5133000
2020-06-30,83.29877471923828,84.45502230912957,81.61783275901517,82.98784993858234,4343100
2020-07-01,84.16352844238281,87.93349206325439,83.88175172189817,84.21210603437818,5708200
2020-07-02,85.3100814819336,87.67116937293817,83.81375347487825,87.15619342373738,3877400
2020-07-06,87.28250122070312,87.7780327275284,84.6493553498676,87.11732405176137,3138200
2020-07-07,84.95056915283203,86.45661560114318,84.61049630054532,86.11653533582427,2993900
2020-07-08,87.43794250488281,87.47680902155189,84.03720013315419,84.81451564047562,3407600
2020-07-09,83.80402374267578,87.71973520219056,83.5611135289289,87.66143912306136,5263500
2020-07-10,85.99993896484375,86.09710157317535,83.07529775196201,83.42508907238125,3246400
2020-07-13,85.01856994628906,87.97235886598672,84.83395582223578,86.5440457048041,3955100
2020-07-14,84.64933776855469,85.2420391698032,83.56109755037069,84.53273821956104,3063500
2020-07-15,91.3633804321289,92.06296297272957,87.60313539594657,87.67114995333658,6761400
2020-07-16,90.46947479248048,90.7803995495928,88.18612041246524,89.51726355399408,2483900
2020-07-17,88.88572692871094,90.45978069268315,87.54485752913999,90.39176611538846,2329700
2020-07-20,85.97078704833984,89.03144984449476,85.08659030240602,88.06952746321839,3052400
2020-07-21,87.4088134765625,88.90514133504398,85.99021866832123,87.12703672921549,2442400
2020-07-22,88.23471069335938,88.38045831581634,86.29142882868523,86.54405754674184,1741100
2020-07-23,86.4468765258789,87.64199046683709,85.42665079898545,87.36022117993475,2564100
2020-07-24,85.01856994628906,86.36915006439335,84.11494370633869,86.36915006439335,2369500
2020-07-27,83.82344055175781,84.66877063574647,82.7837852915335,83.66798189337536,2675800
2020-07-28,84.09552001953125,85.387796738975,83.52224805311941,83.86232087402566,2105000
2020-07-29,84.66878509521484,85.6792924928781,83.56111509284065,84.6104890149946,1653700
2020-07-30,83.08501434326172,83.66799739299742,82.14252149655702,83.03642933368721,2794700
2020-07-31,81.45265197753906,82.21053063345289,79.73284356939813,82.13279758847938,3922500
2020-08-03,81.15143585205078,81.80244081792551,78.99439951634591,80.89881458299648,3360500
2020-08-04,83.65827941894531,83.82345659165584,80.27697326202706,81.05428152874045,2981200
2020-08-05,84.79508972167969,85.43637621071323,83.44450959687016,85.23233253139284,2198700
2020-08-06,87.82661437988281,88.63307805111705,83.5125267053587,84.00806560627785,3763800
2020-08-07,91.12047576904295,91.38282294420358,86.10681294554601,87.67115527347607,4949800
2020-08-10,94.37547302246094,95.34711387174696,90.65409420359929,91.57715004520848,5863800
2020-08-11,94.25888061523438,98.7381455116218,94.12285148973712,98.31062116689824,5372200
2020-08-12,93.3066635131836,96.82400582793692,92.68481400305484,96.39648150983682,3830200
2020-08-13,93.76334381103516,95.70662554805143,92.83056946683114,93.20950881250678,2158500
2020-08-14,93.28724670410156,94.90016677478306,93.23866169294126,94.49207936795143,3407000
2020-08-17,93.00544738769533,94.7349666178126,92.46133097723956,94.46290841258474,2096000
2020-08-18,91.76175689697266,93.12204804760188,90.78039764142092,92.81112329702508,1718100
2020-08-19,91.334228515625,93.1220438985273,91.01358529596412,92.2184251371692,1536900
2020-08-20,91.35366821289062,92.91801055315868,89.45897154637035,89.83791087967441,2240200
2020-08-21,92.5682144165039,94.27830427543898,90.84841348709148,91.14961975856863,2069200
2020-08-24,95.11392211914062,95.7746381930067,92.30588065846764,93.28723999164328,2791700
2020-08-25,95.96896362304688,97.53330598671305,94.75441255889808,96.02726711498735,2302700
2020-08-26,94.61839294433594,95.774648045809,93.59817439571162,95.55116736580624,2158300
2020-08-27,98.90332794189452,100.3899373304245,96.19244894567976,96.43535917029006,3856900
2020-08-28,103.2465591430664,103.58663195910115,99.05878202465404,100.04014136209553,3661000
2020-08-31,99.99156951904295,102.95506984413616,99.9235475388918,102.26520568820236,2881400
2020-09-01,100.16646575927734,101.61421616682388,97.90254789420196,98.60213059070158,1917500
2020-09-02,101.4295883178711,101.86682373765623,99.49602509097446,100.35106637516756,2101300
2020-09-03,100.16646575927734,104.84006394610246,99.31142435968472,102.01258511658855,2956200
2020-09-04,101.8473892211914,104.00443300152672,100.2830469269133,101.91540378124564,2855800
2020-09-08,101.03121948242188,104.11131921723528,99.46687711100556,100.0790081816779,2745900
2020-09-09,99.1170883178711,100.99235551418148,97.97055178210051,100.86603745534768,2630100
2020-09-10,97.53330993652344,102.3915143898615,97.27097015777711,100.02071565749408,2263100
2020-09-11,96.44509887695312,98.24263345199718,94.6281273283655,98.07745624204378,2637800
2020-09-14,101.71136474609376,101.93484540392429,97.69849069357056,98.0191265410228,2729300
2020-09-15,102.40123748779295,103.34373038028676,100.29277843918166,102.00286855944844,1922000
2020-09-16,104.70401763916016,105.8019691054612,101.47817038862443,103.10080879129973,3004200
2020-09-17,101.4490203857422,104.09187715822875,100.75914888815822,102.77044506546994,2763100
2020-09-18,97.0474853515625,100.99235224026354,96.75599754461484,100.43851725272847,5327700
2020-09-21,90.38202667236328,93.66617741946878,88.80797327336595,93.23865308244174,4863200
2020-09-22,92.7917022705078,92.82085031026692,90.3626001168296,90.85813903182876,3605400
2020-09-23,90.3042984008789,95.08476936181223,89.99337364113603,93.61758967691726,2788300
2020-09-24,88.75938415527344,90.92614636580257,87.91406141734768,89.65329189762221,4025900
2020-09-25,90.35287475585938,90.78039907453818,87.71001062771936,87.76831411583159,2318000
2020-09-28,93.27752685546876,94.628107120021,91.27594896386532,92.35447096117424,2965400
2020-09-29,90.5763702392578,93.46214503709926,90.17799389284748,93.46214503709926,2216600
2020-09-30,89.95450592041016,93.29694518983229,89.53670008510353,91.73261034134518,2921800
2020-10-01,91.67431640625,92.25729945711812,89.88650072851692,90.5763648702312,2182100
2020-10-02,92.54878997802734,92.90829975739442,88.84684075107626,89.09946203200644,2199000
2020-10-05,94.035400390625,94.4823542926017,92.43219150358009,93.06375953945006,2153100
2020-10-06,94.17142486572266,97.49443463349354,93.78276706184178,95.34710934801475,3023200
2020-10-07,96.20216369628906,97.105789993287,95.23052283556146,95.4539960822312,1845500
2020-10-08,97.4652862548828,97.59160430319552,95.42484205792756,96.97946585498724,1799200
2020-10-09,96.52281188964844,99.1948245983432,96.44508624475468,98.41751625817872,1673600
2020-10-12,97.8539581298828,98.24261598829877,96.03698690428168,96.639406955478,2318400
2020-10-13,95.45398712158205,96.70740460382108,94.16171053202942,96.42562789109782,2738900
2020-10-14,94.31719970703124,96.38679254681328,93.82166067864875,95.74551328628873,2448000
2020-10-15,94.31719970703124,94.5309619315505,92.08242224909964,93.5593208477599,1884100
2020-10-16,94.98760223388672,96.1827162106034,94.05482799914692,94.56979641293788,1707000
2020-10-19,91.27593994140624,95.7260492113466,90.98444473358396,95.7260492113466,2073200
2020-10-20,93.3649673461914,94.33660821313327,91.52856670071374,92.59737758477505,1783000
2020-10-21,92.45162963867188,93.29695244552224,91.63544745860813,92.82085049808674,1512200
2020-10-22,97.96083068847656,98.33977002882176,92.92773076388262,93.37468466754538,3033000
2020-10-23,98.8741683959961,99.36969985915805,97.33897417596704,98.8255833915147,2032600
2020-10-26,93.29695892333984,96.68799110956591,91.74233491650531,96.67827262460796,2912900
2020-10-27,90.80955505371094,94.12285398717007,90.70267396469409,93.73419615556624,2512000
2020-10-28,87.41852569580078,89.89620533712042,86.39829987035489,88.97314952402644,4302400
2020-10-29,90.6832504272461,91.11076739865445,86.4857618760242,87.43796584296429,2728900
2020-10-30,90.2459945678711,91.363382967166,87.98207714448363,89.43953834016453,2732200
2020-11-02,90.26543426513672,90.74153619447657,89.00229822546471,90.36259686518122,2320100
2020-11-03,93.3649673461914,94.4337782302527,91.22736040413184,91.5868701935917,2658400
2020-11-04,95.2596664428711,97.70819803624076,92.43218811146107,94.65724646855922,3274500
2020-11-05,98.04828643798828,99.9721312620336,95.3471185183882,95.93010898679633,3572800
2020-11-06,100.94377136230467,101.68222051357262,98.62155023070308,99.1073706751893,4168000
2020-11-09,114.9451141357422,128.1594206409432,110.37839774792774,119.56040811765271,14217300
2020-11-10,115.12001037597656,116.40257599261196,112.63260477626598,113.8763038696056,4883900
2020-11-11,113.08928680419922,114.8479545084016,111.80672107817252,114.20667535190422,3846800
2020-11-12,112.0690460205078,113.01153878012668,108.69745868027589,111.35003390603784,3113900
2020-11-13,116.59691619873048,116.7232268559208,112.37027946913295,113.01155865344916,2804700
2020-11-16,120.25027465820312,122.13525288180648,118.20011185484071,122.13525288180648,4596300
2020-11-17,119.29805755615234,120.15310621394042,116.94668857329728,120.1239507626722,2924400
2020-11-18,116.92725372314452,120.69722488141032,116.81066156808475,118.79280974744454,2370100
2020-11-19,117.67543029785156,118.25841335676024,116.14023589273437,116.93698113628362,2034800
2020-11-20,115.89732360839844,118.4527438809873,115.82930904295112,117.22847428990374,5292100
2020-11-23,119.59928131103516,119.91992460455776,117.15074937193567,117.51997026527457,2183300
2020-11-24,127.19749450683594,127.62501881023616,121.80488536360346,122.70851156022538,5305200
2020-11-25,125.55543518066406,126.55622409684194,124.13684039129204,126.18699581962802,2086600
2020-11-27,124.71011352539062,127.0323346475952,123.5927176119559,124.37003328520107,1365800
2020-11-30,123.27207946777344,124.67123727542368,121.33850880501694,124.29229793032763,2094500
2020-12-01,124.87530517578124,125.99268639271097,124.04940439730971,125.82750920222963,1891300
2020-12-02,125.0696258544922,126.93517472299762,124.05911836412702,124.47692427444116,1955100
2020-12-03,128.56753540039062,130.85088269782293,125.438850409332,126.27446220494512,2694000
2020-12-04,131.76422119140625,131.98769444396976,129.00476463241822,129.8500874592053,1923200
2020-12-07,129.18936157226562,131.45327148910798,128.41204600146492,131.05491004655053,1766100
2020-12-08,128.7909698486328,130.3650229417222,127.33350888805091,127.77074421101356,1552800
2020-12-09,126.76998901367188,130.53023454060283,125.65260791258255,130.13185821459015,2786900
2020-12-10,128.0331268310547,128.65497642026185,125.22508519487587,126.17728913514792,1791300
2020-12-11,124.86556243896484,128.0719802642035,124.02023962929816,126.95459919795296,2171900
2020-12-14,123.0291748046875,127.70275780083232,122.84456065944956,127.56672866635128,1889000
2020-12-15,126.66310119628906,126.78941925052804,123.24292126926714,125.68174927984164,1811500
2020-12-16,126.7408447265625,127.207228219623,125.08905811800598,126.8963108329373,1752500
2020-12-17,126.5950927734375,128.64525576970726,125.0210391797553,127.07120217602508,1818200
2020-12-18,125.1667709350586,127.19749658329944,124.63236554708428,126.64365422865475,3376400
2020-12-21,123.70932006835938,124.51577638782348,120.2697103656344,122.22271066570534,2186900
2020-12-22,122.67938232421876,123.67045278221818,120.91099617964706,122.9514405906095,1497400
2020-12-23,124.96272277832033,125.4193951363754,123.14575182966286,123.45667658639788,1624400
2020-12-24,125.09876251220705,125.32223576190204,123.8842114198555,124.97244445426227,592100
2020-12-28,124.68096160888672,126.86715353226458,124.48662157706951,126.55622134220734,1330200
2020-12-29,125.3416748046875,127.60559985741916,124.75868434028683,125.81778417815012,1685100
2020-12-30,126.76998901367188,127.6250377473452,124.85585526055723,125.5457268208734,1284400
2020-12-31,128.17886352539062,128.76185398570306,125.17649675472704,126.59508414152366,1537300
2021-01-04,121.23162078857422,128.3634681997282,119.86161109914156,127.78047778240597,3992000
2021-01-05,122.51416778564452,123.69957058200418,120.0753550559852,120.41542780583512,1428900
2021-01-06,125.72061920166016,127.02261448817566,121.29965000980005,121.29965000980005,2280000
2021-01-07,126.65338134765624,127.46955604295324,125.47768948276332,125.59428163178814,1909800
2021-01-08,126.0121078491211,128.44121004429712,125.3222363022233,127.47928023762464,1485400
2021-01-11,125.01131439208984,125.58457893108309,123.4664015972716,124.12711766689254,1692300
2021-01-12,123.77733612060548,124.95302815646475,122.52391844510392,124.26315658027126,2927900
2021-01-13,122.92229461669922,123.7093213881402,120.86241320176612,123.21378244429162,2715000
2021-01-14,125.27364349365234,126.92544474438252,123.65101252045788,124.71010486639268,1886600
2021-01-15,123.20407104492188,124.7392654704686,122.17412663367776,124.59351043751208,1698100
2021-01-19,123.2623519897461,124.5934951361006,121.90205339256174,123.71902435001088,1587300
2021-01-20,123.13604736328124,124.02023667612436,121.48425348144816,122.45589432498598,1990100
2021-01-21,123.0291748046875,124.06883028281096,120.98872296140787,122.43647325600637,1771600
2021-01-22,119.41466522216795,122.68909023211842,119.2980656482793,121.7174493554743,2155300
2021-01-25,116.22767639160156,119.11344337111797,113.58481220161828,118.91911817427903,4417500
2021-01-26,117.0244140625,117.99605481051005,115.916744202811,116.96611057675858,1966400
2021-01-27,114.13865661621094,116.97584623791732,112.6617583110544,115.32405968894582,3939600
2021-01-28,117.2867431640625,119.96847346096853,116.60659766736131,116.60659766736131,3559900
2021-01-29,113.01155090332033,116.56776016175866,112.22452414512207,116.35399797730192,4896800
2021-02-01,114.41070556640624,116.37341674411326,113.75970800175884,114.60503076351468,2227400
2021-02-02,118.63733673095705,119.08429059633389,115.61553333820792,116.0819241703142,2591700
2021-02-03,119.85188293457033,121.23161099632172,118.39442183505054,118.5401694276086,2256800
2021-02-04,121.89234161376952,122.28099943620516,119.813030788725,120.4931838312452,1868900
2021-02-05,125.80803680419922,125.846910735757,123.3789424069984,123.38865347685744,2807100
2021-02-08,125.42910766601562,127.11005692950124,123.1068867405361,126.4590445447383,2187800
2021-02-09,123.44696807861328,125.6234340079108,122.52390485977746,125.6234340079108,1404100
2021-02-10,123.15546417236328,125.27363387554428,122.5821996922614,123.46638891359476,1699900
2021-02-11,123.0583267211914,125.08906014366364,121.48426572730042,123.94251612316256,1929300
2021-02-12,125.80803680419922,126.10924305649816,121.99920694488394,122.1741025717418,1741100
2021-02-16,126.70198059082033,127.37241525363228,124.93360167868192,126.32304119350027,2443800
2021-02-17,127.61526489257812,129.4808129491874,123.91331680945832,124.75863933443772,2904800
2021-02-18,128.23715209960938,129.00475665495637,123.92307187183876,124.62264703980584,2620400
2021-02-19,132.41522216796875,133.67835831750986,127.55701761285964,127.55701761285964,2855700
2021-02-22,138.51710510253906,141.30570935407772,134.7374231192865,135.2523915387122,5314900
2021-02-23,145.3088836669922,145.42547581789952,138.11873289777984,140.88791509032478,5632800
2021-02-24,153.03341674804688,153.13058675259705,145.1534097434066,145.26029081798734,5865800
2021-02-25,145.83358764648438,155.4431161161034,144.5801773356925,151.82861057075624,5147300
2021-02-26,143.87086486816406,147.91287945466118,141.66523603194557,146.0181828006684,4107600
2021-03-01,144.259521484375,146.74691974508443,143.7737010482657,146.74691974508443,2284600
2021-03-02,144.72589111328125,145.53235473923746,141.73323573387347,142.96722367489676,2892900
2021-03-03,142.16075134277344,146.06675118769408,142.1316033072641,145.26999868094325,2334300
2021-03-04,140.66444396972656,143.43361137776077,135.64106276991308,143.054672055564,4121800
2021-03-05,142.7534637451172,143.2101361046053,135.02892239425452,142.50084247593605,3040600
2021-03-08,146.17364501953125,148.70962811263763,142.17048964882773,145.32832226384983,3123700
2021-03-09,142.83120727539062,147.11614705190746,142.50085293926728,146.9509698838458,2955900
2021-03-10,142.9672088623047,146.5331283737927,142.66600262409537,143.2198301013699,2262500
2021-03-11,144.6093292236328,146.36799703001887,141.62638429045415,142.96725359082134,2247300
2021-03-12,145.94046020507812,147.60197266743555,143.91944535408496,145.11457433577118,1688100
2021-03-15,149.20513916015625,149.68124842662644,145.98901090929903,148.16549135108554,2564800
2021-03-16,146.35829162597656,149.7784573425217,145.2991916460844,149.2051926988245,1720100
2021-03-17,151.5273895263672,151.72171473363497,145.52265611323352,145.60038916135323,2756600
2021-03-18,149.9144744873047,153.16947757494137,147.7865932772308,150.18654759117,2840000
2021-03-19,147.9614715576172,149.08857853314774,144.8133497788791,148.26267785730516,5444000
2021-03-22,147.20358276367188,147.93231337141282,145.14370899013068,146.2805269590791,2595600
2021-03-23,138.38108825683594,145.45463246789888,137.39001043725665,145.43519549957617,4233200
2021-03-24,139.21670532226562,143.4627712607945,139.1292612005533,140.11061316058417,2869500
2021-03-25,142.41339111328125,142.79233041079445,135.45643982072292,137.81751971459872,2135000
2021-03-26,142.65631103515625,143.35587877933258,138.76002189306567,143.1712794790732,2726400
2021-03-29,140.49928283691406,142.63688989379173,139.0903916433216,141.85957419327335,2578000
2021-03-30,144.02635192871094,145.43522851767713,140.43128292808706,140.6839042693837,2753500
2021-03-31,143.9097137451172,146.07646849145772,142.8603399438155,144.7356143226234,2352400
2021-04-01,144.065185546875,145.0951224225591,142.41339915232157,144.065185546875,2082400
2021-04-05,146.64976501464844,148.88454221892363,145.97934519682406,146.23196651255216,2352400
2021-04-06,147.3201904296875,148.4375863748583,146.4554306104831,146.7080667364495,1754300
2021-04-07,144.58987426757812,148.08778730036937,143.87086951854982,147.93232120423133,1577100
2021-04-08,145.20201110839844,145.68783153377393,142.62715395827064,144.28866633652245,1522300
2021-04-09,144.26922607421875,144.7744834563707,141.92758294518157,144.0651898028148,1601700
2021-04-12,145.1145477294922,145.2117029060345,142.73401610026244,144.25949914997912,1305800
2021-04-13,144.58987426757812,144.92995449962223,141.84985474694412,143.90972862955286,1865500
2021-04-14,145.34776306152344,147.63112517589502,144.48300322745453,144.86194259685408,1676600
2021-04-15,144.94937133789062,146.3485364998068,144.24980358299496,145.5517987318649,1412700
2021-04-16,144.4149932861328,147.02870970780458,143.51135952972598,145.86272875423916,2718400
2021-04-19,143.7056884765625,144.70647745436648,142.68547735480837,143.8028585005696,1209800
2021-04-20,137.94386291503906,142.31624706507282,136.07831412348563,142.31624706507282,2763200
2021-04-21,140.65469360351562,141.2765430196068,136.8750121097931,137.6814756195153,2527100
2021-04-22,142.48143005371094,145.03685052773625,139.25558976989825,140.56729617276693,2251300
2021-04-23,144.1526336669922,144.50242495770672,141.6652355223833,142.87006065901812,1240600
2021-04-26,144.26922607421875,146.46514383545843,143.56964349156607,145.2603038706538,1177200
2021-04-27,145.49349975585938,146.08620124108344,143.9874535400216,144.7356211125974,1570400
2021-04-28,145.21170043945312,145.9890159688923,144.36637777019558,145.3380184754794,1230100
2021-04-29,146.7469482421875,148.6513712450276,144.53160780941255,147.01900655315524,1460600
2021-04-30,144.30807495117188,145.7655359409363,142.3842157699197,144.871628313008,1759500
2021-05-03,144.66763305664062,145.90162132195,144.1235164494047,145.0854464110961,1413200
2021-05-04,143.4239044189453,144.0651909290674,140.2369236624183,144.0651909290674,1794600
2021-05-05,140.4118194580078,144.6967593344948,140.0911761856792,143.6279632527961,1854800
2021-05-06,138.54624938964844,140.47981979727606,136.59325684200843,140.47981979727606,2180500
2021-05-07,142.5299835205078,142.7243087046559,138.45880641923898,138.94462679263984,2969200
2021-05-10,136.67100524902344,141.27657338023695,136.61270917030876,140.76160491684018,4140800
2021-05-11,137.6912384033203,137.91471165892654,134.45567242858257,135.62163854286902,3166700
2021-05-12,132.08486938476562,137.30257639456406,131.5116047987115,136.49611264971287,2762000
2021-05-13,135.3204345703125,136.40866765227562,132.68728116355635,132.68728116355635,2363700
2021-05-14,139.22642517089844,139.72197154396878,135.13582507490918,136.4378203893626,2200300
2021-05-17,135.89366149902344,139.19723376880216,134.3196083950307,139.19723376880216,1741400
2021-05-18,135.80625915527344,138.93494418705365,135.79653325713363,136.87505530008974,1518400
2021-05-19,135.4758758544922,135.54389783012851,132.47350920274653,133.95040743792794,1593200
2021-05-20,135.03863525390625,135.99085391987188,133.68805512473523,135.8353878324413,2098300
2021-05-21,135.0678253173828,136.74877511187424,134.64031568302553,135.7479859550029,1846600
2021-05-24,137.86611938476562,138.17705157275998,135.16495901233134,136.10745182135295,1420200
2021-05-25,138.74058532714844,140.1494763684968,137.95355863986745,138.4102310085968,1665400
2021-05-26,140.3729705810547,141.1502863137347,138.82806501396925,139.94544618677745,1440400
2021-05-27,141.70408630371094,141.8595523851275,139.42073939040918,141.29599895953865,1936500
2021-05-28,139.50819396972656,141.57779370895432,138.95435157289444,141.50006066241318,1711700
2021-06-01,141.0628204345703,142.76319202993048,140.21749758578878,141.27658262121497,1687800
2021-06-02,138.5851287841797,141.90813846278385,138.293633585833,141.84984238832683,2284500
2021-06-03,136.41835021972656,137.8758112897068,135.69934558054848,137.7203600433817,1921600
2021-06-04,138.03131103515625,138.45883542548242,136.6515826647809,137.6135125430148,1651300
2021-06-07,138.43934631347656,139.1875137147581,137.8466449639525,138.98346266856905,2196300
2021-06-08,141.58749389648438,142.22878036160753,138.53654247806202,138.75030463310307,1900100
2021-06-09,139.7413787841797,142.34536885908568,139.32356555510975,142.2287767142574,1541000
2021-06-10,139.8871307373047,140.6450093945895,138.56569862248918,140.0911670079247,1544800
2021-06-11,139.4110565185547,140.53816371757603,138.87665096504747,139.91631402605842,1444000
2021-06-14,139.81910705566406,140.43124551217377,138.8474662426961,139.61507078753564,1245500
2021-06-15,140.02317810058594,140.3632583640048,139.49849851029342,139.5470686970124,1232200
2021-06-16,139.14869689941406,140.4895512316203,137.973004911559,139.88713863057205,1431400
2021-06-17,137.76893615722656,140.75188039221916,137.7203659803153,139.22639729003592,1578800
2021-06-18,134.89291381835938,136.6418704799679,134.54312248603767,136.25320520735258,3027200
2021-06-21,138.8280487060547,138.94464086313823,134.8929003177952,135.8062450844502,2328300
2021-06-22,137.3900146484375,138.44911447657768,136.7001579254955,137.973005107486,1637500
2021-06-23,137.09854125976562,137.68151692257942,136.3017885800369,136.84590512908872,1346300
2021-06-24,136.7973175048828,138.6531552054362,135.97143162515275,138.05074258421388,1936500
2021-06-25,136.16574096679688,137.3122848190679,135.3106923194125,137.02078961418124,6295600
2021-06-28,132.01683044433594,135.5050321760228,130.69539836636963,135.37871412797702,2892100
2021-06-29,131.17153930664062,132.93020720221102,130.60798572901015,132.14318033854167,1936000
2021-06-30,132.6483917236328,133.45485527894698,131.09376068248687,131.1714937171502,2222400
2021-07-01,135.291259765625,135.63132512343495,132.9787500978496,133.32854135157982,3448300
2021-07-02,137.2539825439453,137.7300919027201,135.14552365690776,135.78681018275225,2072900
2021-07-06,136.15602111816406,137.86610347662116,134.71798215371723,137.46772721649492,2464700
2021-07-07,135.65077209472656,137.17624043458088,132.82329382069275,135.54389101414606,1753200
2021-07-08,133.73666381835938,135.15526617182385,131.0646511248738,132.9884961128853,2304400
2021-07-09,138.43934631347656,138.66283432264996,134.08640064667796,134.3390218612398,2119800
2021-07-12,137.74948120117188,138.68224780136487,136.36975343659546,137.03046187622735,2143200
2021-07-13,134.4167938232422,137.70094469415068,134.2419055838997,136.9527770761496,1859100
2021-07-14,135.6702117919922,136.68071171649126,133.3188427979669,134.82487420091329,1844700
2021-07-15,135.57305908203125,136.24349370235603,134.21276769736076,135.44674101557464,1383500
2021-07-16,131.2201385498047,137.19572561341883,131.06467240958978,136.67104592277747,1984800
2021-07-19,127.1392059326172,129.13105773248196,123.6218635313472,127.1392059326172,4067600
2021-07-20,131.20066833496094,132.0654281349698,126.64367018367722,127.5570149934522,2227300
2021-07-21,136.3795166015625,137.06938816041122,131.58931928014,131.58931928014,2798400
2021-07-22,134.572265625,135.94228286218126,133.38686253232646,135.50504741922612,1755400
2021-07-23,135.23297119140625,136.02001276176307,134.29049317339712,134.8346096965599,1731600
2021-07-26,138.44912719726562,138.54628239865815,134.23219411829862,135.7673886305207,1781600
2021-07-27,139.3818817138672,139.42075565178618,136.53498104292754,137.2442747362846,1668700
2021-07-28,140.47012329101562,141.18912802360646,137.21512054808042,140.04259894944127,1649200
2021-07-29,143.68626403808594,145.55181282593142,139.27500595733488,141.26687280915962,2612500
2021-07-30,141.8401336669922,143.7639933133993,140.5867234362089,142.22879892053763,2115900
2021-08-02,140.7615966796875,144.45383465153552,140.06201412392423,142.889492384629,2409800
2021-08-03,138.5851287841797,141.58749522720868,135.38842232487846,141.51947325630104,2849100
2021-08-04,134.05728149414062,137.0013519129945,132.93017461518312,137.0013519129945,3217700
2021-08-05,137.70095825195312,138.88636141108626,134.5334140547983,135.0969527655401,2250400
2021-08-06,137.57461547851562,138.16731695165154,135.3981496042291,137.63291155356805,2099800
2021-08-09,133.2216796875,137.1373911901369,131.89053644584786,137.0207990305945,3074900
2021-08-10,134.07672119140625,135.2232502348192,132.50265299182382,133.06620644277774,1938900
2021-08-11,134.20301818847656,134.95118573144964,132.28888468862357,133.4840135085324,1131600
2021-08-12,130.94801330566406,134.11555645713946,130.4330449521494,133.6491731008744,2238600
2021-08-13,130.56907653808594,131.60872433396202,129.80147211466297,131.27837006806195,1728000
2021-08-16,129.3545379638672,130.4913558637517,127.625018612652,129.67518119092097,1626200
2021-08-17,126.66310119628906,127.76106009590428,125.36110602173996,127.45983897994498,2292000
2021-08-18,126.31332397460938,128.7132783162121,125.71091132768645,126.55623421302208,1915400
2021-08-19,126.56591796875,126.68252493974488,123.96192789148972,125.33194489870527,2393700
2021-08-20,127.43067169189452,127.79989990170458,125.36108708558255,125.87605546975948,1761800
2021-08-23,130.34561157226562,130.3650485401867,128.50921099437943,128.5480849302216,1983000
2021-08-24,133.00790405273438,133.83380463542656,131.15206662879598,131.25894770624953,1966200
2021-08-25,133.01760864257812,133.6783320417546,131.29781524287722,133.42571079192695,1357500
2021-08-26,129.8792266845703,132.54152786986575,129.3934062743672,132.14315157524427,1523900
2021-08-27,132.16261291503906,132.88161776605136,129.82095454778025,129.8306656203927,1221000
2021-08-30,131.26866149902344,132.5900934138519,130.23870992668202,132.42490145169572,1477500
2021-08-31,131.3075408935547,132.1042934889681,129.6460285543252,130.6468322470716,1762900
2021-09-01,131.00634765625,132.59983817971326,130.40393502727727,132.43466100164216,1738600
2021-09-02,131.56016540527344,132.9982045407243,130.12214109588538,131.40471413679083,1072600
2021-09-03,129.2282257080078,131.4630025012534,127.92623060123464,130.57880581973325,1354800
2021-09-07,130.2484588623047,130.58852426404846,128.1011260610857,128.66467953301674,1255700
2021-09-08,129.98611450195312,131.13265843898304,127.97482560906732,130.67598604364863,2281300
2021-09-09,132.23060607910156,133.6006233017603,129.38370536816362,129.82094080648395,2072600
2021-09-10,131.79336547851562,133.8143802437007,130.67598442145706,132.83302831381502,1574500
2021-09-13,136.0102996826172,136.59329019870066,132.0848766626579,133.07595460957393,1923400
2021-09-14,138.30332946777344,138.64340963284062,135.05805318686154,136.00054582324313,2159400
2021-09-15,140.5769805908203,140.97535686790292,136.0782938721211,137.52602914210846,3068200
2021-09-16,140.69358825683594,141.86926530094624,139.7510955118223,140.3049230482386,1966800
2021-09-17,139.81910705566406,141.50005633686342,139.58592274923157,140.90735484791048,2650200
2021-09-20,138.76976013183594,139.06124054030732,135.79652653085608,138.468538999643,2375400
2021-09-21,137.98272705078125,140.4409774874132,137.215137217749,139.62480264128828,1707300
2021-09-22,140.304931640625,141.65551181783013,138.31307977557032,138.71144125294367,1543100
2021-09-23,145.65867614746094,145.92100848916672,140.3049258411805,140.58670997628053,2913800
2021-09-24,148.1849365234375,148.41813565825353,144.8327786505421,144.9979558112634,1881600
2021-09-27,149.94363403320312,151.36222147515358,148.20438848215687,148.30155850467463,1890900
2021-09-28,149.2342987060547,150.89581090614098,147.91286669768922,148.78735226523088,2151600
2021-09-29,147.60195922851562,150.01162428966143,146.40683035564393,149.92418017488413,1535500
2021-09-30,143.89027404785156,147.81571095149022,143.45303867878903,147.81571095149022,2030900
2021-10-01,151.54681396484375,152.8196610171797,146.00846447228267,146.47484789637682,4710000
2021-10-04,150.7403564453125,154.25769147458894,149.95332975211528,151.439939022835,1860400
2021-10-05,151.0318603515625,152.08123427825663,149.00113447610093,150.84724621269086,1744900
2021-10-06,150.90553283691406,151.05128785502495,147.5145158760433,149.15657640201934,1667000
2021-10-07,153.27635192871094,155.13218960540573,151.63427643603669,152.5767692948371,1862000
2021-10-08,152.6350555419922,154.23827181884693,151.9937690312503,153.50954119102093,1193900
2021-10-11,152.3727264404297,155.23906400579716,152.12981622597374,152.9459909882906,1677800
2021-10-12,152.98484802246094,153.7427266951907,151.5468237236997,152.15896220015938,1995800
2021-10-13,150.23512268066406,153.9565093908342,149.78817613514553,153.74274719043325,1973100
2021-10-14,150.81809997558594,152.10065823950382,149.70071888366928,151.44966062300605,1978400
2021-10-15,155.50140380859375,156.84227300093613,152.54762198283987,152.65450307536082,2801300
2021-10-18,154.69496154785156,155.89007576022414,153.73303167385555,154.49091042570782,1541900
2021-10-19,150.62374877929688,154.39370469652172,150.10878038305145,153.51923397770594,2619500
2021-10-20,148.9234161376953,150.78896502741262,148.32098865249014,150.36144062696528,2402900
2021-10-21,151.2358856201172,151.36220366931778,148.50557732568242,149.1954488218506,1192800
2021-10-22,150.36141967773438,151.53711161516028,149.7590071025255,150.90553617483434,996300
2021-10-25,150.4003143310547,151.74118374869025,149.09831885872032,150.87642379156475,1434300
2021-10-26,151.61483764648438,153.1403209572195,150.7695148182288,152.20753918123205,1804300
2021-10-27,155.26821899414062,156.0066607417514,149.80758704706963,150.67236168225426,2100300
2021-10-28,155.4333953857422,157.70703152510023,153.771882929403,155.0350190599564,2317600
2021-10-29,155.48199462890625,156.4827836577438,152.9848701800151,154.490916672539,2025400
2021-11-01,157.2406463623047,157.5515637362753,154.77267020924103,155.85119218575588,2177900
2021-11-02,155.52081298828125,157.32806534047924,153.83987867541748,156.38557264558744,2615800
2021-11-03,159.8640594482422,162.08912518019696,152.6156273914369,156.20096948529095,3158400
2021-11-04,159.4365692138672,161.31184406614884,158.09571470649084,161.31184406614884,1863800
2021-11-05,162.85671997070312,166.81129043588413,161.51585088210462,164.59595053145503,2955400
2021-11-08,163.6145782470703,165.99509501674908,162.58464146863415,165.49956359299034,2476600
2021-11-09,160.0972442626953,163.28422461187407,157.78473462386583,163.28422461187407,1774500
2021-11-10,156.42446899414062,159.8349231103589,155.06416288054228,158.84384527169,1554800
2021-11-11,152.4213104248047,156.43419227533872,152.1784001883523,156.06496397159054,1664900
2021-11-12,152.0423583984375,154.44231252098626,151.11930254193328,153.0334362319995,1914100
2021-11-15,151.26504516601562,153.31520801699835,150.4877443224339,152.58647735659306,1378600
2021-11-16,149.62298583984375,151.1678912951538,148.4764418812298,150.73065586030083,2137700
2021-11-17,152.27557373046875,152.46018788660686,148.010070472887,148.9234153552138,1965600
2021-11-18,151.3136444091797,153.26665225146382,150.44888453719415,152.32415932259522,1126800
2021-11-19,150.526611328125,151.66342943884683,145.9987610291015,149.61326648034915,1879800
2021-11-22,151.97433471679688,152.6933393899827,148.45698508649178,151.73142452697758,2268900
2021-11-23,152.97512817382812,153.9564800332172,151.71199218306853,152.91683209866508,1926300
2021-11-24,153.14031982421875,153.58728115287877,149.04970519236153,151.69256957436562,1532800
2021-11-26,143.2587127685547,143.56963009513183,136.56410867744702,142.4911082830173,4264500
2021-11-29,146.49429321289062,150.167094392348,145.45463040031436,145.45463040031436,3155000
2021-11-30,143.37530517578125,144.77447021309774,141.5680528069243,144.34694591546645,3465900
2021-12-01,138.4588165283203,147.7574262706269,138.0798772024432,145.99874393662046,3198900
2021-12-02,146.8343963623047,148.26270994666135,139.0709935637843,139.30417793604406,3099000
2021-12-03,145.7266845703125,147.9031653226596,142.63687391022066,147.2716047264206,3104600
2021-12-06,152.25613403320312,154.9572946904849,147.9031867246868,147.9031867246868,2421800
2021-12-07,152.09095764160156,157.58072311203463,151.28449386907334,153.99538043864214,2416600
2021-12-08,153.1694793701172,155.04475412057968,151.3913746454643,152.99459111493707,1618500
2021-12-09,152.69332885742188,153.98561275724805,150.9540985417523,151.8285692343575,1103100
2021-12-10,156.24954223632812,156.38557134445594,151.59538969832667,153.7232852530883,1705600
2021-12-13,149.32174682617188,155.1515914621433,149.06912556266195,154.55890482383867,2362800
2021-12-14,149.64239501953125,151.51766948246868,148.2238077470264,148.43756991018117,1548800
2021-12-15,146.8926544189453,149.56466671701716,144.43440429080422,148.65133678538697,2228000
2021-12-16,146.48455810546875,148.77763093070232,145.8335605644402,146.8732233116466,2738400
2021-12-17,145.93075561523438,147.52424616886353,143.32675017819307,145.1437288234997,3592300
2021-12-20,145.4351806640625,146.95095269129504,141.65549873127367,142.82147949469277,2765600
2021-12-21,153.83016967773438,154.19938307866354,146.6400192778464,146.6400192778464,2269300
2021-12-22,157.9694061279297,158.60096688975767,153.8690796475158,154.06340489530396,2001000
2021-12-23,160.50538635253906,161.08836208301634,157.93052869155076,159.59204139945234,1528900
2021-12-27,161.9822540283203,162.3514674727918,158.81469534123673,159.80577316810837,1139900
2021-12-28,162.02110290527344,162.90529958882846,160.5927897475498,161.20492819402048,1297200
2021-12-29,161.82679748535156,162.8275864425012,160.80657155858884,161.63247226741194,905600
2021-12-30,160.1846923828125,163.2162067357924,160.05837434275134,161.82676759936362,840900
2021-12-31,160.55392456054688,161.46725442128718,159.4171066501856,160.1749852570931,902700
2022-01-03,159.26165771484375,161.69075987695388,156.65765248750893,160.38876467631798,1836800
2022-01-04,163.245361328125,166.30603866609488,161.0980435172098,162.0405362553782,2131600
2022-01-05,159.70858764648438,164.2072891284861,159.66972853938847,163.4979955220094,1656700
2022-01-06,160.53451538085938,161.73935546949238,159.57258552433322,160.61224843426126,1421600
2022-01-07,161.93368530273438,163.9644113427386,160.01955143312213,161.29239871344953,1508800
2022-01-10,157.4543914794922,163.11905901016695,155.58884295965373,162.50692057397904,2228400
2022-01-11,160.5150604248047,160.9522958283907,155.53055310222447,157.37666472894867,2141100
2022-01-12,160.1846923828125,162.1376849254344,158.04708572811998,161.63244241731178,1606400
2022-01-13,159.84461975097656,162.5555058360556,159.44625829805994,160.26243299689725,1619700
2022-01-14,158.18313598632812,159.75718944526932,155.19048033923352,159.24222097225615,1886400
2022-01-18,154.98641967773438,156.54105089826132,153.20831522305264,155.5791211626283,2087600
2022-01-19,149.82699584960938,155.4430780172837,149.73955174318604,155.3944930161394,2396300
2022-01-20,152.25613403320312,157.1046277153348,150.96384978944303,151.13875287014972,2160400
2022-01-21,152.5378875732422,155.6568460964145,150.11849675419063,152.25610345149758,4745500
2022-01-24,151.32334899902344,152.06179069633237,146.6497441282021,149.63268860853154,3537700
2022-01-25,152.5767822265625,153.76218541075906,146.08622758292276,149.58412622269452,2197200
2022-01-26,154.2285614013672,159.34911327812688,152.24642041820502,153.55812678430726,2345800
2022-01-27,149.35093688964844,156.29816374900992,147.8157424101202,155.10304953227458,2184100
2022-01-28,154.86012268066406,154.98642590884054,148.41813913146876,149.63269018819108,1930400
2022-01-31,156.55076599121094,156.71594315340073,152.78080964757385,154.04393086738557,1972100
2022-02-01,158.39688110351562,159.0381527383495,155.78316508270473,156.55075476088322,1755100
2022-02-02,156.30783081054688,158.99927963448022,155.56938923413657,158.70778446645556,3912500
2022-02-03,157.41555786132812,159.82523828939944,155.46256472929988,155.46256472929988,2920000
2022-02-04,158.1248321533203,159.06732493342926,154.41315710982946,156.44388286240962,2204700
2022-02-07,161.3312225341797,162.49720328727852,158.13453101139473,158.49403334216555,2003300
2022-02-08,166.6849822998047,167.1610768033952,160.61222729635847,162.3223097679466,2553000
2022-02-09,168.6088409423828,171.5140525147919,167.15137962046325,167.66634810145644,2100300
2022-02-10,169.72622680664062,171.4751834074251,165.18866554236823,166.04371428632146,2122100
2022-02-11,165.06239318847656,172.20394630757883,163.89641201909407,170.1926569599203,2819100
2022-02-14,166.47119140625,169.4541204395653,164.61535423924184,165.7133128987075,2675200
2022-02-15,176.0613250732422,176.19735420384967,169.5901932327789,170.91162542699303,4264300
2022-02-16,178.06289672851562,179.74384607278864,172.9520711979149,173.25327748906707,3263800
2022-02-17,173.1172332763672,176.6248570301569,172.67028682717665,175.06051480586706,3356300
2022-02-18,169.95941162109375,174.44838749594552,169.76508642097326,172.54397977827733,2882400
2022-02-22,168.21047973632812,170.83392221234732,164.99435050249676,169.66794118919898,2744000
2022-02-23,163.20652770996094,169.59992678936308,162.62353722327933,169.20155045099946,3494800
2022-02-24,163.9644012451172,164.7417169273438,158.32888108155382,158.43576217318576,4332700
2022-02-25,169.4250030517578,169.64849111250123,163.65345427648631,165.69390590497738,2805800
2022-02-28,165.31497192382812,167.5983338282431,162.7789887383968,165.55788213382706,2574400
2022-03-01,160.2332763671875,165.1886351953127,159.2324876012185,163.9157882109868,2886100
2022-03-02,163.45912170410156,166.16028184404652,162.17656360417172,162.82756113743284,2159600
2022-03-03,160.77740478515625,166.66554567648043,159.78632701525095,164.9263151633711,2444900
2022-03-04,154.762939453125,159.28106306798122,152.31440058051433,158.37744427543456,2858200
2022-03-07,143.8611602783203,154.70467710943464,143.73484220732445,154.70467710943464,3769100
2022-03-08,148.45701599121094,154.59779398469533,141.92760236959825,144.6967702143669,4939400
2022-03-09,154.9475555419922,157.9499219778413,153.26662115290117,153.71356760671046,3509600
2022-03-10,157.949951171875,159.5628787144016,151.62457389624308,152.11039437343317,2573300
2022-03-11,157.05601501464844,160.83569705408505,156.72566070785368,159.6891680507167,2316300
2022-03-14,157.172607421875,159.4754061549288,155.56940606339776,157.66815370894236,1917600
2022-03-15,161.68104553222656,162.5846793106517,159.009032962982,159.28109123849268,2297300
2022-03-16,167.40399169921875,167.60804279652547,162.29316628234196,163.42027320085182,2300300
2022-03-17,166.3837890625,166.3935001338842,163.36198534293845,165.4995923064531,1582300
2022-03-18,166.33518981933594,168.5213816048148,162.8955731075879,165.4315561717858,3542300
2022-03-21,165.13038635253906,165.39273357601027,163.08994913127745,165.13038635253906,1770400
2022-03-22,165.73277282714844,167.97726062787874,165.15949350652303,166.80156877574967,2004100
2022-03-23,162.8955841064453,166.13114994654978,162.4583486850394,164.6056815072335,2709100
2022-03-24,167.10279846191406,167.11252435963146,162.4583561284553,164.20731272027447,1795800
2022-03-25,166.65582275390625,168.76428136638145,165.907655237847,167.1222061546687,1427600
2022-03-28,166.6947021484375,167.67606889735208,164.34333306640934,167.21939651095997,1215600
2022-03-29,173.26300048828125,173.89456109942,169.16267498619763,169.29870410979962,2200900
2022-03-30,171.4459991455078,174.04027804439482,170.42577344175075,172.50508395393328,2285200
2022-03-31,170.765869140625,174.21519691635925,170.73672110295905,172.1650342528376,2368900
2022-04-01,168.7545623779297,173.321285872956,167.71491446012652,171.9026838205743,1900400
2022-04-04,169.69705200195312,170.07599130352062,166.75298169914538,168.4533530211131,1394900
2022-04-05,169.06552124023438,171.60150465188045,167.12223938689834,169.4638975784236,1545100
2022-04-06,161.4575653076172,166.88903433776483,160.92315985159564,166.88903433776483,2180100
2022-04-07,159.99037170410156,161.89477929829968,157.75559498244905,160.8842794275503,2608600
2022-04-08,159.21307373046875,160.6219500283421,157.79447153520405,158.9701635126953,1522400
2022-04-11,157.8430633544922,160.8648671870194,157.07547355667634,157.36696879579438,1402500
2022-04-12,158.6106414794922,161.25350550744514,157.67785983536592,159.96122152990435,1549700
2022-04-13,170.5618438720703,171.25171546208082,159.3588250338843,159.50458007034155,3343800
2022-04-14,175.39088439941406,176.37225114605317,171.20311471039307,171.20311471039307,3631700
2022-04-18,177.95602416992188,179.70498074791442,174.14719363677344,174.14719363677344,2961100
2022-04-19,183.4263610839844,184.17452870041575,176.8872222218401,177.11069546921877,2775100
2022-04-20,184.90325927734372,188.29427640205984,183.4263610136213,183.64012318966255,3500700
2022-04-21,178.94708251953125,190.34442483521156,178.49041016213516,188.0513519777132,2905600
2022-04-22,174.3998260498047,178.94709822982418,173.86542060316228,178.548721912685,1872900
2022-04-25,177.3050079345703,177.50905902477382,171.9901316054029,173.79738407525218,2368300
2022-04-26,172.22332763671875,177.9851503249242,171.80552921932826,175.86698054863805,2085100
2022-04-27,175.0896759033203,176.67345521234242,170.9213432350786,172.88404705151464,1808900
2022-04-28,179.32601928710938,180.89036152986705,174.9633616905582,176.5665630408976,2335500
2022-04-29,172.48570251464844,179.87989060512845,171.9415859645368,177.78114263235733,2605500
2022-05-02,173.0880889892578,175.20627361185257,168.3659141772304,173.87511565358542,2590000
2022-05-03,168.13272094726562,173.6225004751825,165.94652910255255,173.5836265397927,4135800
2022-05-04,176.10020446777344,176.4208477482972,167.43316930007322,171.00880074458578,4283900
2022-05-05,172.6217041015625,178.30579375471729,170.2120242984214,174.5941336939472,3174400
2022-05-06,167.62745666503906,173.47672296762735,164.4793354793816,173.1269317247765,2764100
2022-05-09,159.203369140625,166.13115875184474,157.5029975469854,166.13115875184474,4058300
2022-05-10,163.32310485839844,165.41214155518898,160.2527162528674,163.29395681935108,2594500
2022-05-11,162.22515869140625,167.5983312684304,161.08832587903956,162.86643036820135,2973800
2022-05-12,158.70782470703125,162.5652403550558,155.42368847103296,160.77742461608983,2619600
2022-05-13,161.97853088378906,163.02983566962257,159.3989507518897,161.5891653423737,2772300
2022-05-16,158.01669311523438,161.96881152235792,157.11139664055884,161.29714329835377,2367900
2022-05-17,160.4794464111328,162.87408740438468,158.18215422335533,161.9103877022207,2302300
2022-05-18,149.92747497558594,160.01219572074217,148.9443025975813,158.40602964182733,3748400
2022-05-19,152.76992797851562,155.3495085214723,148.20454423920927,149.2169037202152,2228000
2022-05-20,151.10533142089844,155.3884265697868,147.40629942746767,155.18400000937373,2105800
2022-05-23,153.7628173828125,154.93092895390612,149.2461084154645,152.31240314625333,1832300
2022-05-24,148.58413696289062,152.5265256588337,145.78065791629265,151.54335329281193,2303600
2022-05-25,155.31053161621094,156.08927744439364,146.7638299432569,147.3673509047614,3079800
2022-05-26,165.6483612060547,167.12797699890075,156.08929903176983,156.08929903176983,3693100
2022-05-27,167.974853515625,172.2968793052405,165.92091837158134,165.92091837158134,2387200
2022-05-31,167.02090454101562,168.29609381044042,163.85726114455045,166.50498849847497,2224800
2022-06-01,166.05722045898438,169.37661633236988,163.3997639133959,167.95540370583328,1729700
2022-06-02,169.78543090820312,169.94118306393827,165.85278552262122,166.2129493860835,1749800
2022-06-03,170.00930786132812,170.73937934917237,167.28371952271686,168.19872997734066,1370300
2022-06-06,172.8906707763672,174.4773642991968,170.64205287183142,172.2968786794399,1394700
2022-06-07,172.4720916748047,173.1048292481882,169.05536225056977,171.09956848251136,1336400
2022-06-08,168.58810424804688,171.01193199382828,167.20583739682272,170.61283755012423,1693500
2022-06-09,163.1953125,168.4810379638902,163.18558356038918,168.4810379638902,1449300
2022-06-10,155.6220245361328,162.58204789373602,155.51494679668227,160.64491964489102,2736300
2022-06-13,148.0585174560547,150.46288763473214,145.8877606690908,149.9080261227248,4029800
2022-06-14,148.1753387451172,150.6186397785967,146.28688442494584,149.77176144354172,2667200
2022-06-15,150.68675231933594,152.98404444100743,149.0513845251475,150.64780685692995,2051200
2022-06-16,141.3029327392578,146.7930707545476,140.748071175721,145.86831633533143,2610900
2022-06-17,141.37103271484375,143.71699922714842,139.00560832476674,141.96482476042,3277500
2022-06-21,137.8180389404297,144.05772055427124,137.41892960337984,143.90196839542105,3357100
2022-06-22,132.83407592773438,137.81802570557798,132.3765632883871,135.7348890543691,4112900
2022-06-23,129.52444458007812,134.04115399555414,127.528912402577,134.01195231738038,3285700
2022-06-24,135.68621826171875,137.32158610940994,129.71909591351056,131.41286710337957,3075900
2022-06-27,136.4649658203125,137.34104567039714,134.66411686327544,135.89064647740497,2056500
2022-06-28,135.0048370361328,142.1790022408191,134.829612135678,138.93748268917375,2241100
2022-06-29,134.07032775878906,135.9101073674035,132.11374146180003,135.00482582581455,2621600
2022-06-30,132.3960418701172,134.46944990657016,129.53417375859522,131.52969085757928,3379200
2022-07-01,135.4818115234375,135.5499586681723,131.04297862868455,132.13322897102958,2039900
2022-07-05,135.0048370361328,135.0632403851697,130.42972483699768,132.30843521329072,2367000
2022-07-06,132.04559326171875,135.9977261422451,129.9916581720565,135.2579108462471,1880400
2022-07-07,134.99510192871094,136.09508125083167,133.33054696067617,133.8172613717604,2017100
2022-07-08,134.1385040283203,135.14113459686962,131.9580179672613,134.99511135134492,1631400
2022-07-11,134.09951782226562,134.83933306017542,131.55886859665466,133.45706623847764,2161700
2022-07-12,135.42340087890625,137.49680883781372,133.2915895724257,133.2915895724257,1691700
2022-07-13,137.05877685546875,138.33396619618566,132.09428407597412,132.63940182284443,2337100
2022-07-14,137.03927612304688,137.50651768871296,134.28447142268155,134.29421521474936,2398100
2022-07-15,139.54100036621094,140.60203401049924,137.886159808809,138.8206578311849,2072300
2022-07-18,140.748046875,145.0603435775633,139.87196701928457,141.33211001437206,2028500
2022-07-19,146.90985107421875,147.24081325266627,142.06218052320258,142.2081888803581,2531000
2022-07-20,148.54525756835938,149.44081038292282,146.01433646168493,146.76388088112526,1932200
2022-07-21,146.9877166748047,147.85406752332386,143.8338027049106,146.9877166748047,1777400
2022-07-22,146.90013122558594,150.62836499354677,146.29659532086148,148.45760826054993,2259700
2022-07-25,148.92486572265625,149.32396021066222,146.20899126681724,148.7496408287262,1543200
2022-07-26,147.0266876220703,148.73993191182691,146.55944593093014,148.04879088978274,2032500
2022-07-27,153.412353515625,155.00877582772122,150.72568106973355,150.95930928126288,2660100
2022-07-28,153.8893280029297,155.36894367418725,150.74515769818166,153.92827346586236,1708600
2022-07-29,154.5999298095703,155.58308730021398,152.46811890344802,153.334469720882,1937000
2022-08-01,155.3300018310547,155.76804171064438,152.2344912988282,153.801711868329,2051000
2022-08-02,154.03536987304688,157.90961211712408,151.44604584793885,157.89013938329828,3114000
2022-08-03,155.1061553955078,156.7901980655749,154.3955564664503,155.06722477547353,1791100
2022-08-04,154.76544189453125,155.534444069497,153.00352338494883,155.1937380665734,1337600
2022-08-05,152.83802795410156,154.9601101482355,151.786723223064,153.53889777479327,2146100
2022-08-08,154.06459045410156,156.89725715961285,153.2079683007672,153.38319322001544,1444800
2022-08-09,154.57073974609375,155.33002781194827,152.5070756149964,153.86988473352804,1499500
2022-08-10,156.95565795898438,158.47420444175455,156.03088875814248,157.5202484198453,1480500
2022-08-11,156.8485565185547,159.9732540355198,156.4299744929541,159.19450817766477,1324400
2022-08-12,159.71046447753906,159.9927522836956,156.6149532835348,157.6954598059687,1610200
2022-08-15,158.84408569335938,160.03166987736168,157.4034153984531,157.81225366376395,1304900
2022-08-16,161.82281494140625,162.1343044449895,158.16271301422222,158.46447357665593,1869600
2022-08-17,159.51162719726562,160.63308828109103,157.86355586801682,159.9212046769288,1452000
2022-08-18,160.954833984375,161.38391922278635,158.98494942630128,159.6090693512107,1093200
2022-08-19,157.37591552734375,160.17470159414535,156.89806783390662,159.37503992923362,1401900
2022-08-22,154.00177001953125,155.75711233985413,153.56293815949954,154.3333305466489,1417900
2022-08-23,154.7039337158203,156.57629422140408,154.42113554203988,154.43088207210175,1423800
2022-08-24,155.9619140625,156.5470332061192,153.8847723510675,153.8847723510675,1892300
2022-08-25,158.6339111328125,159.18977571898688,156.66402620103383,157.2686531881316,1274100
2022-08-26,152.80227661132812,159.79437582916808,152.37319132372937,159.02398352112087,1747700
2022-08-29,151.8563232421875,152.8997669853209,150.62759134125287,151.13467854343332,1555500
2022-08-30,149.535400390625,153.38739197340547,149.20383987326468,152.83154226844206,1987500
2022-08-31,149.92547607421875,152.04163320271434,149.53539177022748,150.4228168215886,2241900
2022-09-01,150.13027954101562,150.34482221992604,146.18076279950645,148.64798872677923,2297000
2022-09-02,150.40333557128906,153.77749471854085,149.62318170508428,151.15423496952843,1855000
2022-09-06,148.5894775390625,152.3732139495199,146.76587967617758,151.35902438475844,1680800
2022-09-07,153.68972778320312,154.02128833265752,148.52122527857898,148.91129476261978,2240900
2022-09-08,155.44503784179688,155.4938002418616,151.66131665593676,152.4999793443863,1690800
2022-09-09,158.3316192626953,158.73145015380996,156.22520834775642,156.41049655974598,1392400
2022-09-12,159.71636962890625,160.90610077657902,158.76068907559704,159.88214988650716,1602100
2022-09-13,153.96275329589844,157.73672773886943,153.143583709976,155.04521304282272,2261000
2022-09-14,158.5071563720703,158.64368218764565,152.76329582789705,154.07980645538615,1790000
2022-09-15,158.47787475585938,162.41764455363509,157.717228930781,159.38480778126532,1862700
2022-09-16,151.0762176513672,156.3422450726417,149.47690892643135,156.3422450726417,3370000
2022-09-19,153.45567321777344,154.29433597906802,148.87228993729232,149.15508807391876,1972600
2022-09-20,153.1143341064453,154.4796068728442,150.99817694273176,152.83153600151553,2102900
2022-09-21,144.49366760253906,152.61698899404342,144.47415966752305,152.43170081187768,3281200
2022-09-22,136.63365173339844,143.80129265703934,136.19481991526,143.38195389379092,3542500
2022-09-23,134.0689239501953,134.88809367940976,132.52812418359764,134.7222985235923,2414600
2022-09-26,132.8401641845703,136.73117123243028,132.64512948186274,134.361455697961,1946900
2022-09-27,135.23915100097656,137.6088670909192,133.49356991430892,135.94128799946347,2251200
2022-09-28,140.25160217285156,140.9732320621436,135.07333929376946,135.6096958872933,2085100
2022-09-29,137.0237274169922,138.78883105805923,135.5316902390069,138.45725566724397,1871000
2022-09-30,136.66290283203125,140.40762274558983,134.8393052716659,136.42885225736103,2100800
2022-10-03,137.30653381347656,139.12038488707665,135.26839356760505,138.56452033991465,2107000
2022-10-04,143.89881896972656,145.03004125042506,139.84203106113654,140.8074730752114,2128600
2022-10-05,143.5282440185547,144.53270191743908,141.22681331957753,141.6948996583359,1489000
2022-10-06,140.4954071044922,144.59119561759317,140.03706734267286,143.12841294290033,1653300
2022-10-07,137.98919677734375,138.642571400489,135.85353120964007,138.40852076286455,2409100
2022-10-10,137.0139923095703,139.8517945827452,136.00954928590164,138.5937930108363,1509100
2022-10-11,135.34640502929688,138.04768133399745,133.84462129033798,137.3455444253374,1873800
2022-10-12,138.34999084472656,139.69575576665443,133.88362562865782,135.06361028748088,1855500
2022-10-13,139.66651916503906,140.5344364653584,133.85438828365932,135.3171712536491,2398500
2022-10-14,139.9687957763672,144.17185557714848,138.98386080761583,142.38725894411195,2076000
2022-10-17,144.18162536621094,144.74722160041932,142.22148696211195,143.34296266281132,2060000
2022-10-18,146.26852416992188,150.06200672814276,144.89350485411606,147.72154546886142,1870900
2022-10-19,146.26852416992188,147.90683365924315,144.95201378156392,144.95201378156392,1173800
2022-10-20,143.8597869873047,149.36959511425272,143.51846511882766,146.83411437768436,1408200
2022-10-21,149.68170166015625,150.18878901194125,142.86512807630012,143.0699242269726,2339400
2022-10-24,151.13473510742188,152.58777157487572,148.62850797653627,150.44235948831027,1967900
2022-10-25,151.5735626220703,152.2366986325641,149.31113272319206,150.53011851876374,1697100
2022-10-26,151.19320678710938,154.8794327214962,150.32528968451263,152.78276868070571,2464400
2022-10-27,152.3732147216797,154.53813454686107,152.129417578125,152.89981000447125,1624700
2022-10-28,155.68882751464844,156.03989594604803,151.43700534778438,152.37319279158146,1796900
2022-10-31,156.13743591308594,158.5071368951465,154.21631332128234,154.8111789189504,2493000
2022-11-01,156.0984344482422,158.95572968599328,155.269518249335,158.3901185554748,1573600
2022-11-02,149.194091796875,155.30851288899632,148.5212093608532,155.01596824741762,2596000
2022-11-03,142.8456268310547,147.06819539862283,140.3491463107829,146.0734988262591,2929800
2022-11-04,145.2641143798828,147.52654441186016,143.68429857734668,145.73220078646457,3342900
2022-11-07,144.669189453125,146.31724517160472,141.40230271420265,145.82965102431436,2039600
2022-11-08,146.76588439941406,148.93080428329628,144.7667447920205,145.3713718429641,1760100
2022-11-09,145.85894775390625,149.35987081764617,144.4059115652448,144.60094628474818,2136400
2022-11-10,154.06027221679688,154.6258833219689,151.93436846857352,151.944114996523,2421900
2022-11-11,159.71636962890625,160.79882944752015,155.864378071203,156.0301583288039,2634300
2022-11-14,155.57183837890625,160.3210021667485,155.30853328670838,157.9805554455599,2082600
2022-11-15,157.75625610351562,159.15076858932076,155.55232045434607,157.2979162940085,2003500
2022-11-16,157.59043884277344,158.5071033664142,156.41045442545305,157.74645766540178,2063500
2022-11-17,156.00091552734375,156.08867892671807,153.5921985876487,154.37235241365704,1647100
2022-11-18,157.69775390625,159.07275851329888,156.4690067558613,158.13658579701865,1864900
2022-11-21,156.5470428466797,158.72170950936948,155.97168507748086,157.33694332307113,1322100
2022-11-22,159.29415893554688,159.6069910588126,155.98978292635127,157.29979634492696,1508800
2022-11-23,157.86679077148438,159.84159632186447,157.48551783566813,159.2256881496362,1455700
2022-11-25,158.89329528808594,160.17398088746847,157.6419372278217,157.9547842015701,918700
2022-11-28,155.3347625732422,158.16986777246595,155.12945485618852,158.1209984793563,1856400
2022-11-29,157.6517333984375,158.52181867241214,155.44230723193388,155.44230723193388,1824400
2022-11-30,161.6502227783203,161.66976452851023,155.95066995098014,157.00650623853184,2662800
2022-12-01,161.49378967285156,163.4392528341296,160.57482027808885,161.9239468293248,1874400
2022-12-02,161.92398071289062,162.0510617776297,158.86401068732445,159.35282302790085,1419300
2022-12-05,158.41427612304688,161.0832018952386,158.08188735494613,160.6334880368806,2180100
2022-12-06,156.87939453125,159.10837705326134,155.3249752572567,158.3165036464106,1898200
2022-12-07,153.76077270507812,156.72297360294243,153.58480746395287,156.1168512159128,2199600
2022-12-08,157.06517028808594,158.03300908555462,154.48424196589042,155.1099211071085,1849600
2022-12-09,157.5540008544922,158.88357104843865,156.48839350745172,156.7914547788697,1264100
2022-12-12,159.51901245117188,159.55812579092284,155.89203335110724,157.4073396256697,1554500
2022-12-13,159.47012329101562,165.2674450464709,158.60003797563658,164.88617204124566,2177700
2022-12-14,155.764892578125,159.71448846715342,153.90739732570898,157.6419295774284,2464700
2022-12-15,151.93263244628906,153.53593608574675,149.78186145443604,152.75383347488204,2517700
2022-12-16,150.34886169433594,151.33627196282688,149.02907760133073,150.62261027176336,4943500
2022-12-19,147.98301696777344,150.92567628327916,147.15204508658758,150.62261507264867,2019600
2022-12-20,147.0445098876953,148.84333545190503,146.76099041882355,147.52353636272477,1675400
2022-12-21,145.42164611816406,148.6869084071368,144.44402160644532,147.9634758155793,2284300
2022-12-22,143.92587280273438,145.20655844617085,142.11726160227863,143.93564367698832,1837200
2022-12-23,145.2554473876953,145.56827946503876,143.04602142768314,143.04602142768314,1067600
2022-12-27,145.0305938720703,146.03754586737188,144.6297642653364,145.685600466863,1350000
2022-12-28,142.3421630859375,146.02779748511983,142.32260641496438,145.20659631267887,1321600
2022-12-29,144.65911865234375,145.47054889070077,142.98737396033243,143.63260980057316,1431900
2022-12-30,145.55850219726562,145.71492568774983,143.1437686383644,143.72056347748912,1541900
2023-01-03,144.44403076171875,147.35734781443242,143.8085807557714,146.4970483334007,1686200
2023-01-04,146.5067901611328,147.85591657888344,145.7638010026973,145.90066781918188,1731300
2023-01-05,145.54873657226562,146.73165383297157,144.6493238455923,145.6758176101727,1542300
2023-01-06,149.9480438232422,150.4661835914929,146.6729959289493,147.1715790312192,1589000
2023-01-09,149.11708068847656,151.90331679613902,148.25676625743483,148.36430556131506,1864500
2023-01-10,149.73297119140625,150.3488644792707,148.11011095000407,149.02908036181893,1275200
2023-01-11,154.92416381835938,155.03170311568348,150.48574000229178,150.71060438956653,1712500
2023-01-12,156.41017150878906,156.99673734231166,154.1518460600173,154.82640944833125,1627000
2023-01-13,158.1601104736328,158.4827283896294,155.61828048434506,156.019110160344,1532600
2023-01-17,157.3877716064453,158.9324200867161,156.85007515486913,157.67127614416776,2570500
2023-01-18,156.214599609375,160.0859988787239,156.12661699168555,158.66844645227837,2188000
2023-01-19,157.42689514160156,158.31653714731078,154.70909982619594,154.89485089523063,2184900
2023-01-20,163.17530822753906,163.4099285594936,156.57634287872978,157.0749260014992,2330300
2023-01-23,165.2381134033203,166.00065939485955,161.37649923234756,162.28568294634914,2585400
2023-01-24,165.83445739746094,165.9028833590158,163.84009495924127,164.7981777599436,1644900
2023-01-25,168.47402954101562,169.0703810744483,163.86941164616775,163.86941164616775,1881500
2023-01-26,170.6737060546875,170.76168868934235,168.7282277122358,169.5885421418414,1620100
2023-01-27,170.4292755126953,172.61915969404455,170.1262143140094,170.59546988238225,1637000
2023-01-30,167.36932373046875,169.63741989767615,167.20312934332517,168.50337181407244,2041900
2023-01-31,170.28260803222656,170.32172136130765,166.9880186319461,167.6136976409654,1329100
2023-02-01,171.43624877929688,172.74626215034155,167.1835758438604,169.14861081779483,1456300
2023-02-02,172.2281036376953,173.6065577409554,171.1038414475096,172.64848992304445,1145500
2023-02-03,170.5270538330078,171.77842705977508,169.03128937071978,170.096911534513,1504500
2023-02-06,168.46429443359375,170.04804166434553,167.8777136502351,168.85533834425354,1485900
2023-02-07,171.49490356445312,172.5800674546351,167.01738115799816,168.15142926108996,1808800
2023-02-08,170.11643981933594,171.10385014595448,169.12904441008394,169.83293526807014,1520200
2023-02-09,170.9865264892578,173.6163388949455,170.35107650368,171.63176226737374,1525300
2023-02-10,167.53550720214844,170.18487618309803,166.2548214831432,169.26590675858148,1544700
2023-02-13,170.46839904785156,171.1136348727989,167.8874706654299,168.18076103289397,1995400
2023-02-14,177.21401977539062,177.48775347673055,167.69195056705323,171.78820012853188,3366200
2023-02-15,176.54922485351562,177.20423155255364,175.17077057235898,176.8718427651077,2563000
2023-02-16,171.85662841796875,175.6400459079241,171.51446874535324,173.43060468063078,2277900
2023-02-17,168.65977478027344,170.78121805284553,167.28132072160582,170.72256297245377,1890000
2023-02-21,166.8609619140625,168.43493813889046,166.04954661193582,166.93917367324642,1817800
2023-02-22,166.7729949951172,167.94614165869385,165.41409725064514,166.23529842341188,1250500
2023-02-23,168.4878387451172,169.39915928580737,166.43980477421852,168.0860670228565,1382700
2023-02-24,166.91017150878906,167.25313535128203,165.60687302148835,166.06743771070094,1642400
2023-02-27,166.20460510253906,168.62501413509875,165.86162635123338,168.31143185362774,1543000
2023-02-28,165.842041015625,167.6058890403239,165.46966578922456,166.15560834909928,2709700
2023-03-01,166.03802490234375,167.36091094026244,164.98950093997092,166.018422271081,1799600
2023-03-02,167.46871948242188,168.12528059878252,164.48976219133976,165.9890421534778,1254300
2023-03-03,169.5951690673828,170.09492408529442,167.64511819908918,168.39966259872037,1406500
2023-03-06,171.6039581298828,173.4364226753894,169.81069884282215,169.81069884282215,2136100
2023-03-07,170.08509826660156,173.23064005972986,169.55593192131082,172.0547364459209,1436000
2023-03-08,169.95773315429688,171.42761666526818,168.95820818015645,170.15371463194072,1184500
2023-03-09,164.36236572265625,170.21250313991254,164.07819483034967,169.9773313538458,1871000
2023-03-10,161.2266082763672,165.4304831460327,160.70725067464937,163.58822451205887,1710700
2023-03-13,157.33631896972656,159.45295468425687,155.74884966004254,159.276560898499,2394700
2023-03-14,159.42355346679688,161.58917326895224,158.0418595037912,159.74692960403823,1901300
2023-03-15,155.15109252929688,156.03301657839938,152.40730722302789,155.7488457033325,2757700
2023-03-16,157.89488220214844,158.49263539271496,153.8477983896689,154.3965524756131,1887000
2023-03-17,155.58226013183594,157.15993555560348,154.27896174242562,156.65037179789994,2480100
2023-03-20,159.7665252685547,160.1095040546452,156.00362722382727,156.4543980610524,2342700
2023-03-21,164.39175415039062,164.9503170198182,161.62838113235398,161.65777760417362,2327800
2023-03-22,159.93310546875,164.19575797741288,159.84490110876598,163.94098359365842,2397600
2023-03-23,156.76795959472656,162.52011345156848,155.3176788308093,160.52106365981908,2423200
2023-03-24,153.41664123535156,155.0923150385095,150.4768741755456,154.77873270829784,2509800
2023-03-27,153.43621826171875,155.65083702762803,152.9168606973576,154.97468832432835,1637500
2023-03-28,155.78805541992188,155.87625979776072,152.6719094360046,152.7600988614146,1825900
2023-03-29,158.8748016357422,159.41374691964043,156.93454478497085,157.0031465206973,1752200
2023-03-30,159.40396118164062,161.1972208123244,159.14918676262283,160.6288640753513,1175800
2023-03-31,162.70626831054688,163.33341789270372,160.9914045364152,160.9914045364152,1514200
2023-04-03,161.1580047607422,162.70626861298743,160.0408940981855,162.10851549822485,1533000
2023-04-04,161.07965087890625,162.06936713221046,160.22710821276362,161.8341803704419,1200700
2023-04-05,159.296142578125,160.59944083409655,158.82578413201716,160.3348576664748,1380100
2023-04-06,159.77633666992188,160.30548814167784,158.14966203621276,159.72733756361924,1092400
2023-04-10,159.5215301513672,162.049731250066,158.9727761055894,158.9727761055894,1256500
2023-04-11,160.58966064453125,161.42258557276276,159.71753045354373,160.16828630825097,1203900
2023-04-12,158.22804260253906,161.9713377205221,157.77727180072463,161.6185651220145,1370600
2023-04-13,162.1771240234375,162.30451869415373,158.47301930538026,159.737112363716,1569700
2023-04-14,164.7249298095703,164.81311922006338,162.1771260775328,162.1771260775328,1736400
2023-04-17,166.341796875,166.67496684127775,164.86211970540666,165.34227202374032,1221100
2023-04-18,170.17330932617188,170.4378775800552,167.7039009562679,168.144862998501,1867700
2023-04-19,170.22230529785156,170.87885142907746,168.91900687529488,168.91900687529488,1430300
2023-04-20,170.27130126953125,171.03563950237057,169.2913789246164,169.42856745480734,2001700
2023-04-21,170.9082489013672,171.42760651496474,169.63434694346802,170.40847896767443,1321100
2023-04-24,170.82986450195312,171.5942027362182,169.98713068565723,171.27082656750167,1146800
2023-04-25,169.3893585205078,171.2022206402987,168.938587712328,170.31048781586418,2226300
2023-04-26,161.80474853515625,170.63385710793446,161.3833891672168,169.4775411391317,3087400
2023-04-27,162.0693359375,162.95125995763007,159.51173833621104,162.66708909189862,2105900
2023-04-28,165.94004821777344,166.49861113799818,161.0502452296702,161.83417115272258,1645900
2023-05-01,166.72396850585938,169.8107175658988,165.39127366783413,165.56766744543944,1928700
2023-05-02,175.02389526367188,175.3570652050506,170.14388715857245,170.26147303142957,3821300
2023-05-03,174.86712646484375,179.5903589935061,174.06359797698812,176.01363372890347,2378500
2023-05-04,172.93667602539062,176.3370074592088,172.36831932106426,174.86712407118688,2090000
2023-05-05,173.02487182617188,175.63145354136938,170.91803010285923,175.52366150015408,1638300
2023-05-08,174.37718200683594,174.8377467149647,172.16256284296148,173.79903139958617,1244900
2023-05-09,175.39630126953125,176.14103684913476,174.0440036844661,174.95532426401664,1400100
2023-05-10,172.103759765625,176.87597662155147,169.47756020451348,176.38601546747515,2198600
2023-05-11,170.9866485595703,171.7509867620684,169.54616157353288,171.67259118329582,1448000
2023-05-12,170.60446166992188,171.8293644247248,169.34035365360657,170.98663073132334,1053100
2023-05-15,171.9763641357422,172.0351570815198,169.3501795414899,171.1238365171111,975800
2023-05-16,171.06504821777344,172.7897061346156,170.40848709894925,171.4668050089756,1119000
2023-05-17,173.5540313720703,175.09250153885074,171.46679218184755,173.00527730105495,1073800
2023-05-18,177.40513610839844,177.76771754645614,172.7113146192336,172.7113146192336,1344300
2023-05-19,174.84754943847656,177.80691932027108,173.9460226104154,177.65993693890275,1227300
2023-05-22,171.17282104492188,174.97492437275864,170.7220651580217,174.82794200799287,1715400
2023-05-23,166.13601684570312,169.9479139184941,165.2246963020647,169.9479139184941,2605800
2023-05-24,164.87191772460938,165.9498381751021,163.84299637685305,165.36187884711936,1619000
2023-05-25,168.73495483398438,169.15762052884077,164.2624828366981,165.07834161851898,1619000
2023-05-26,168.83323669433594,171.12353573498382,168.54818483893732,168.54818483893732,1390000
2023-05-30,166.20875549316406,170.0914457243307,165.87455258691932,169.49183933428736,1037500
2023-05-31,164.9308624267578,166.94593355634134,162.31620005737173,166.58224313251876,2088700
2023-06-01,168.2238006591797,169.21658501813013,163.98724478256278,164.9308781339098,1791600
2023-06-02,174.20022583007812,174.37715148493015,168.8922462015421,168.8922462015421,1652900
2023-06-05,174.20022583007812,174.55409213856612,172.73560958129482,173.7185698827855,1712900
2023-06-06,177.81748962402344,178.36795992089515,174.23951518765813,174.38696821314915,1622100
2023-06-07,174.2296905517578,179.6654591050356,173.4924704224838,177.81748918137856,1791300
2023-06-08,175.43873596191406,175.76311463454542,172.40139248016033,172.9223601971427,1181800
2023-06-09,175.959716796875,176.9328528873174,174.9964199085924,175.6648407077565,1377700
2023-06-12,177.85682678222656,177.89613859204306,174.6032308140324,176.7854037290283,1324600
2023-06-13,178.31883239746094,180.20611438180663,177.50297354506216,178.89877537727253,1179200
2023-06-14,178.3679656982422,179.82274260442566,176.5691467202181,178.8987576103691,1603600
2023-06-15,173.6693878173828,175.7925852887016,170.80898525053576,175.507533451699,3526600
2023-06-16,173.35487365722656,175.24215557403147,172.6373168604479,174.24937110180937,4719200
2023-06-20,170.82864379882812,173.43349728601655,170.2978518988672,172.82406677147216,1529400
2023-06-21,173.11892700195312,174.09206289483436,169.82601968544122,170.53375215321287,1867700
2023-06-22,172.69627380371094,173.65957056583602,171.34962317715372,173.25655329844324,1163200
2023-06-23,168.5285186767578,170.43546381236015,168.0861895986231,170.37648860177978,2098000
2023-06-26,168.58749389648438,170.248698988904,167.13271703988917,167.64386052958335,1525800
2023-06-27,174.28866577148438,174.5147424114814,169.8555207934444,170.1700602492513,1442100
2023-06-28,174.63272094726562,174.96692383128038,173.61043389185426,174.46561950525827,1235300
2023-06-29,178.1811981201172,178.3188119469815,174.0822559212492,174.85878787310162,1716100
2023-06-30,180.5599822998047,181.73953167568072,179.07570262791154,179.203492268216,1696000
2023-07-03,181.0907440185547,181.8181399282473,179.32141275091158,180.28472449588375,1154100
2023-07-05,179.01669311523438,180.60909871645944,177.9845969832985,180.39284628911756,1572900
2023-07-06,178.9380645751953,179.30177004098226,175.20282789006524,177.00164681939407,1357700
2023-07-07,182.4963836669922,183.93149707580895,178.24016444986307,178.25982785237304,1904400
2023-07-10,187.6864318847656,187.73558289685204,182.7421430442925,182.7814548546918,1912100
2023-07-11,188.0009613037109,189.9472332869421,187.3423797735889,187.7453970528341,1941700
2023-07-12,186.7722625732422,190.00621003698075,186.49703491659835,190.00621003698075,1944900
2023-07-13,188.21722412109372,189.12154574956176,187.3129024926257,187.6864321865432,1347000
2023-07-14,186.16281127929688,187.7453776278388,184.4033193135571,187.7453776278388,1817300
2023-07-17,188.0304107666016,189.60315275746512,184.70801618404056,184.70801618404056,1422200
2023-07-18,190.36007690429688,191.05797025054443,187.95182740174909,188.14841644299705,1422600
2023-07-19,186.96885681152344,190.242100913506,186.7526043785277,189.93738566667972,1951900
2023-07-20,188.21722412109372,190.20280802206867,187.02785062011924,187.3620535047912,1547700
2023-07-21,191.57894897460935,192.5619092361493,189.83912011080776,189.9668947456353,6637600
2023-07-24,190.95970153808597,191.1464663947519,188.5612760080712,190.4583821862385,1793700
2023-07-25,191.5101623535156,192.61107312039903,189.25917480484628,190.2814619444817,2261300
2023-07-26,190.4289093017578,192.89614944291264,188.74805545936252,191.0973301563109,3471200
2023-07-27,192.4144592285156,193.7021346912359,190.6746154741466,191.0088333413576,2481900
2023-07-28,196.20867919921875,196.5723696607765,193.90855601208065,194.44918710276227,1503300
2023-07-31,198.37120056152344,199.94394292067247,196.19886686409464,196.44460692028773,2731900
2023-08-01,201.25128173828125,202.43083100777577,195.3731687973899,196.1497157739652,2935100
2023-08-02,200.04222106933597,203.0107650161133,199.0101248781383,200.52387695766836,2882100
2023-08-03,197.4275665283203,199.3344967594444,193.9577181456156,198.33188813243208,3288400
2023-08-04,199.52127075195312,202.17526047251056,196.0121103989052,198.57763729516012,2650000
2023-08-07,201.21194458007807,202.10644193795704,200.1208581871927,201.06450655351875,1540600
2023-08-08,202.9419708251953,203.66935177875496,199.4917709013,199.6195605277501,2506800
2023-08-09,202.60772705078125,205.43865688303768,201.4773289573964,202.9517690785665,2040000
2023-08-10,204.83908081054688,207.3849441951146,204.06254883179597,204.83908081054688,3442600
2023-08-11,204.95703125,205.7532416317512,203.10907622495677,203.4727667088355,1702000
2023-08-14,203.31549072265625,205.4386884228104,202.01799101619503,203.8659460525963,2476900
2023-08-15,202.4897918701172,204.43604877678277,201.66410893986895,202.8338339237781,2042500
2023-08-16,203.4752349853516,205.44613036694437,201.16929099770525,201.2776908451624,1770200
2023-08-17,199.3856506347656,204.68736448970583,199.20826221570317,204.68736448970583,2775100
2023-08-18,199.1491241455078,201.1003214381558,197.3161908030662,197.46401698163945,1781400
2023-08-21,196.90228271484372,200.58786215515232,195.70003543889905,199.1491020417844,2210800
2023-08-22,200.9820556640625,201.54376807141367,196.78405386993265,197.08954025144425,3170800
2023-08-23,200.292236328125,202.18429402556143,199.79951249951952,200.97219761747863,1509200
2023-08-24,195.8971405029297,202.39125223526685,195.552242832022,200.0458819114453,1903200
2023-08-25,196.88259887695312,198.43960812257075,195.3453027965745,196.7249386652589,1510400
2023-08-28,199.58273315429688,200.114883364003,196.24206585732657,197.7399506592445,1062100
2023-08-29,203.15005493164065,203.45555637595527,198.57757780916648,198.7352530636373,1189400
2023-08-30,202.3616943359375,203.54422858685848,201.4550692056013,203.10078012235547,1098500
2023-08-31,200.54844665527344,203.50478961731704,200.4597599752292,203.1303297337733,1321000
2023-09-01,202.82485961914065,203.4161192368839,200.7652624292952,201.69158570417264,1086000
2023-09-05,198.1045837402344,202.55881231476175,197.39506007219487,202.55881231476175,1989000
2023-09-06,199.4743194580078,200.4302049195406,196.60666307340935,197.1683754739288,1487300
2023-09-07,196.96145629882807,199.10974042363745,195.9070349220144,199.06046502395665,1847300
2023-09-08,202.4602508544922,202.70661280857087,197.11912549447572,197.46403824488203,1753500
2023-09-11,201.18902587890625,205.19979059428056,200.1937139802516,203.869445090146,1715800
2023-09-12,200.83425903320312,202.135042273736,200.22327118929948,200.84410809770137,1399600
2023-09-13,197.3161773681641,200.86379489802883,196.6460801884884,200.11486010249635,1676200
2023-09-14,201.2382659912109,202.2040004528188,197.1289361652091,198.25234585553503,1729300
2023-09-15,200.20355224609372,202.22372297694216,199.2772290304153,201.4452108970685,3899800
2023-09-18,197.7596435546875,200.68642452040217,197.65125873948384,199.65171643164047,1700800
2023-09-19,195.6508026123047,197.7695244370144,194.0543819634485,197.59213601117463,2356300
2023-09-20,196.9515838623047,199.9867646742355,196.71507099394705,196.71507099394705,1499900
2023-09-21,192.3298492431641,195.1679437767892,192.25101161314777,194.8328951267752,1730800
2023-09-22,191.53163146972656,194.04452632063317,191.1768696668134,192.3791171635336,1374900
2023-09-25,190.12240600585935,192.62545143253664,187.77705084716865,190.40819424209005,2141400
2023-09-26,188.96946716308597,192.3495609799837,187.9741702854172,189.20598005137668,2188700
2023-09-27,191.05860900878903,193.42367752510688,189.1862493163601,191.24584648170585,2284300
2023-09-28,196.64610290527344,197.37532462189785,191.27541563728332,191.6104642658264,1786700
2023-09-29,193.69960021972656,196.88259212503135,192.44807741290677,196.4490077618176,1764500
2023-10-02,190.9304962158203,193.28571567089688,188.95960077101185,193.14775359122984,1640700
2023-10-03,187.6194000244141,190.1914193014105,186.584676860245,189.17640930289653,1650500
2023-10-04,191.9849395751953,193.07877215212585,187.76720933399145,188.4077593992156,2282600
2023-10-05,191.93565368652344,193.2659990660458,189.7479585787877,192.5860377438119,1582700
2023-10-06,193.12803649902344,194.94127169929467,190.04359541560615,190.5067570386564,1735800
2023-10-09,191.60060119628903,191.728714217138,186.732501881644,190.19141811390907,1615400
2023-10-10,195.57196044921875,198.36076425481832,192.8521151279369,192.8521151279369,1691900
2023-10-11,195.3847198486328,196.0548170675448,192.3002637333609,195.58180638144583,1379200
2023-10-12,194.92156982421875,196.3011906727364,193.52223581022528,196.14351542240885,1397600
2023-10-13,190.12240600585935,196.60665328277392,189.6789575751176,194.8229954598927,1531100
2023-10-16,194.17263793945312,196.25193350647476,192.22145540481503,193.45326521853067,1382600
2023-10-17,194.63577270507807,196.65594352743537,193.49266478401864,193.8178492975193,1230900
2023-10-18,191.57102966308597,194.005086720573,191.12758119895736,193.0196390061811,1255800
2023-10-19,189.51144409179688,193.35469912986065,188.68367163562505,192.35938733296828,1770700
2023-10-20,185.23458862304688,188.68365526118265,185.00793988282723,188.07268255418307,2367300
2023-10-23,185.8948516845703,187.9938600765284,184.13090693521357,186.61422428815555,1848300
2023-10-24,187.3730316162109,188.5457168260181,185.30358535928784,186.99855666538468,1810100
2023-10-25,185.6879119873047,187.9248825861456,183.82541634455976,185.0572260298868,1784800
2023-10-26,183.73670959472656,187.8952998412738,183.69729830526447,186.1510533070094,1528000
2023-10-27,182.57391357421875,185.32330625165375,181.4307905458397,183.99296077679412,1282300
2023-10-30,185.3528594970703,186.8605933175349,184.36741176935547,185.3627235978604,1485100
2023-10-31,185.81602478027344,186.42699757169575,183.3031300179156,185.10650119944916,1234000
2023-11-01,186.0525054931641,187.11679068043625,183.20456259789617,187.11679068043625,2313700
2023-11-02,182.9976501464844,183.83528677604707,178.1196866319612,181.61802926610565,3054300
2023-11-03,188.5161590576172,189.0877205614988,184.65320565179564,185.3627292402873,1746000
2023-11-06,188.3781890869141,189.60013463180903,186.584667025326,189.49173478152912,1543700
2023-11-07,191.66958618164065,192.3692606959497,186.68322300356465,189.02859344571863,2057200
2023-11-08,189.77752685546875,193.00979422749836,189.24537665730853,192.55648165264847,1511400
2023-11-09,191.56118774414065,192.56634866059835,189.472043323464,190.34909122051596,1490100
2023-11-10,194.7244873046875,194.892011622846,190.9699186327589,191.87654382251296,1165700
2023-11-13,194.83287048339844,195.55224309078943,193.38426116814924,194.3697088635983,1075600
2023-11-14,199.41522216796875,201.17916715589485,197.0698515362461,197.0895647030037,1853400
2023-11-15,198.24253845214844,200.82440695883943,198.05530095829087,200.43023384094815,1516200
2023-11-16,200.71597290039065,200.8736481353806,198.1439689337147,198.42974213998824,1284200
2023-11-17,202.7755889892578,203.37671272196695,200.8342557067416,202.01679000675028,1295300
2023-11-20,203.94825744628903,204.3424305016172,201.87881131397077,201.87881131397077,1292800
2023-11-21,204.689208984375,205.23257347241363,203.61236895556237,203.61236895556237,1109800
2023-11-22,207.41587829589844,208.19635135418875,205.7364004904907,206.4575850924466,1241200
2023-11-24,206.408203125,207.8900980924112,206.13158393705243,207.15903955624205,710200
2023-11-27,205.00534057617188,206.76385469903207,204.284155926252,205.6573779676904,1544500
2023-11-28,202.1897735595703,205.0053652395816,202.0811006479099,204.74850884593724,1345200
2023-11-29,200.0360565185547,203.42466416146507,199.848347411928,202.2490250827944,1296100
2023-11-30,200.2534027099609,200.8856772903208,198.51465138262503,200.04594585721048,1385700
2023-12-01,206.7539825439453,206.98120221574464,200.30280105741195,200.30280105741195,1474500
2023-12-04,207.0800018310547,210.5575195499804,205.5684701813445,206.3785649187912,1462700
2023-12-05,200.26329040527344,205.9142359524353,199.7989621144389,204.71884913318348,1539300
2023-12-06,202.30828857421875,205.2226788342815,201.83408643172328,202.43672428817945,1196500
2023-12-07,205.51907348632807,205.6277463876166,202.8417916698993,203.8494694004485,1248700
2023-12-08,206.87252807617188,207.2874719259998,204.67932235389247,205.17328733504343,1276300
2023-12-11,213.86708068847656,214.70682721246985,208.9274307229054,209.4806691071109,2065500
2023-12-12,214.2523651123047,215.11187442628105,212.99770491969107,213.88683585181576,1546300
2023-12-13,215.4378967285156,216.26775428900885,211.7627960181999,214.3808044202136,1556600
2023-12-14,217.4335021972656,219.07346955570293,215.70462475996015,216.6036446452666,1729200
2023-12-15,218.4708404541016,219.46864433115448,216.48510657317289,217.7990552872815,3845000
2023-12-18,219.4390106201172,219.9527384500087,216.76172871500293,218.806736012026,1440200
2023-12-19,218.7178192138672,221.5136628859661,218.16458083309848,220.79247821636517,1525300
2023-12-20,214.10415649414065,218.0262391715661,213.7287383304273,217.8681667789907,1874600
2023-12-21,219.16238403320312,219.5575650715733,215.9022120710719,215.9022120710719,1214500
2023-12-22,219.93296813964844,220.42693313148095,218.22385348880007,219.5872016901348,995000
2023-12-26,220.75294494628903,221.04932694706284,218.9549202709272,219.54766919785996,1118600
2023-12-27,221.73101806640625,221.80016532961903,220.18984963348217,221.2370530520272,1329600
2023-12-28,221.3753662109375,222.03727753188952,220.53561964315065,221.16789426873288,971000
2023-12-29,222.7880859375,223.89457777365848,221.6717353029485,221.9977540076065,2008700
2024-01-02,219.16238403320312,224.43792652986872,217.9274715532,222.77821139255985,1524700
2024-01-03,216.3961944580078,218.302907319203,215.3786276986577,217.69039550376175,1299900
2024-01-04,217.3643493652344,219.7255013160857,216.2381098379374,216.95929447240107,1238700
2024-01-05,219.7353973388672,220.70356455563703,216.35667841638715,216.5641503572887,1005100
2024-01-08,225.4752655029297,225.5345388925222,219.7353944666125,219.8144306776078,1690700
2024-01-09,223.74636840820312,224.73429834739903,222.70903895712448,222.8770003124486,1358300
2024-01-10,224.0328826904297,225.22826950793063,223.16349949616355,223.16349949616355,1225300
2024-01-11,224.2403564453125,226.1767059581584,222.6695512983104,224.61577468470276,1176000
2024-01-12,222.7781982421875,225.08007677798955,221.2370299700557,225.0405511391781,758900
2024-01-16,223.6080780029297,223.64760364567252,220.37755767833667,221.316088186166,1108000
2024-01-17,224.95167541503903,225.1492584154253,222.3040300457066,222.5213758685165,1248700
2024-01-18,229.87155151367188,230.2469697479186,224.94179032525645,224.9516641986676,2209600
2024-01-19,230.8495941162109,231.2744118418076,228.7650612780139,229.86166414691596,1885100
2024-01-22,234.51480102539065,235.42369471102535,231.25462938857476,231.42257566014283,1552200
2024-01-23,234.2382049560547,235.03842583019903,232.89461957643724,234.10976923441143,1268600
2024-01-24,234.9989013671875,236.44128578216373,234.45555193360573,235.58179151667997,1239300
2024-01-25,239.59278869628903,240.59059257307317,238.4467862741942,238.78267885751373,1594300
2024-01-26,238.68389892578125,240.2843407347329,238.1306454517558,239.5927927354708,1119000
2024-01-29,239.20748901367188,239.59278109987912,236.88584754895197,238.66412451399117,1303000
2024-01-30,240.2546844482422,241.0647791599989,237.29089462913404,237.29089462913404,1059900
2024-01-31,236.83644104003903,240.965996041024,236.38200170799425,240.48190494204056,1181200
2024-02-01,240.72889709472656,240.8474438687832,235.8386466948952,237.5082507777296,1190900
2024-02-02,242.1613922119141,243.77172290543984,238.6937634041328,240.2843312771387,1222300
2024-02-05,241.2821350097656,242.32933837756144,238.92098295844372,241.21298774990385,1338200
2024-02-06,241.8057403564453,242.78379647919456,239.8990427002776,241.28213866461607,1471500
2024-02-07,244.9473419189453,246.9824751018463,242.12186180079564,243.12955452010303,1046700
2024-02-08,246.56753540039065,247.4171556799864,242.84303562040077,246.67620828759289,1030900
2024-02-09,244.0384521484375,247.7234265153916,242.48739494401184,247.61475362161264,1479800
2024-02-12,245.8365020751953,246.1328840955353,243.0307844418235,243.30740364091,1429900
2024-02-13,232.10427856445312,238.9802629805108,229.20963580130268,238.9802629805108,3110200
2024-02-14,232.548828125,233.55652088534808,229.3973292024101,232.9637568911164,2349600
2024-02-15,237.5872802734375,237.9528095328625,234.03072640606123,234.66300097419315,1521700
2024-02-16,238.7135162353516,240.274447349566,235.42370772607,236.14489236140597,2119400
2024-02-20,240.00770568847656,241.0252723361949,237.60702805893845,238.2788282671629,2162200
2024-02-21,240.928466796875,241.5818877548677,238.17613136727047,238.87905780417427,1396500
2024-02-22,246.82916259765625,247.938012862772,242.34424094905907,242.5521579272442,1383600
2024-02-23,248.97755432128903,249.6606906472622,246.1163129014973,246.1163129014973,1477200
2024-02-26,246.7400360107422,248.96764646859037,244.5916312931182,248.96764646859037,1476000
2024-02-27,246.55194091796875,247.3340882136642,245.2153685102089,246.41333463995264,1079300
2024-02-28,246.51235961914065,248.73006019353085,245.7104070647026,246.25493715464737,953400
2024-02-29,247.3835906982422,247.85882519495223,245.4034922828064,247.2152841457644,1698200
2024-03-01,247.5122833251953,248.66074394549244,245.47278452770783,246.50242897928223,1096600
2024-03-04,244.9579620361328,247.99742021712885,244.56194841381117,247.2845836113888,1156200
2024-03-05,245.41339111328125,246.71035309840224,243.245181031367,245.0668678637972,1084000
2024-03-06,244.6411590576172,248.07663092971637,244.5124478296576,245.4133962114713,1314700
2024-03-07,244.4530487060547,246.49254761681732,243.76001729564288,245.9282123281559,1197400
2024-03-08,247.78948974609372,248.6112323192457,243.76989278140996,244.7104364133957,1276400
2024-03-11,245.99749755859372,248.20530278999348,244.532229141548,247.7894839867893,1176500
2024-03-12,248.19541931152344,249.81909928368177,246.21532104757665,246.21532104757665,1270900
2024-03-13,248.9082489013672,250.6012244095806,245.7202895774309,247.4132650856443,1804700
2024-03-14,245.5321807861328,250.4824263664984,245.2549682421884,249.86860074875727,1711000
2024-03-15,241.6413116455078,244.5124482369841,240.93837007764824,243.70060065458156,3709300
2024-03-18,246.04702758789065,246.8786652772901,243.9580232040968,244.14613496628397,1915300
2024-03-19,247.3340759277344,247.52217256880823,245.36387276020315,246.87864669004637,1164300
2024-03-20,251.52198791503903,252.15561876256947,246.77964405801765,246.9479505995701,1630400
2024-03-21,252.7298583984375,253.5713911372329,250.8586660525904,252.2051335416146,1530800
2024-03-22,252.62094116210935,253.97730364417652,250.70024342119768,253.36347801409372,1282800
2024-03-25,249.60128784179688,253.12586034263947,249.53197715106245,252.7694420500289,856000
2024-03-26,249.6705780029297,251.76949239469425,248.67063383755053,250.64083701043288,1351400
2024-03-27,251.036865234375,252.42294313713276,250.22503277024603,252.42294313713276,1302300
2024-03-28,249.7993011474609,252.56154676380865,249.1458650761796,252.53184649756415,999200
2024-04-01,248.8290557861328,251.9774048457623,248.23502025071724,250.99726585136312,1178500
2024-04-02,245.2747802734375,247.6805924410438,244.08670921555924,247.6805924410438,1252300
2024-04-03,248.09642028808597,248.3043372628588,244.31444027766244,244.7104539067183,1071000
2024-04-04,246.413330078125,252.2942243922739,245.5915874783312,250.81904573380777,1607300
2024-04-05,251.40316772460935,251.7991964398269,245.79950114357615,246.42322182124877,1293200
2024-04-08,252.1457061767578,252.5120346290368,250.8883546536773,251.71009724766944,1205600
2024-04-09,252.4031219482422,252.9476519788977,248.8488492770689,252.9179517142211,1152800
2024-04-10,251.8189849853516,252.65062257183916,248.75972190221185,249.7794712276085,1317500
2024-04-11,255.97720336914065,257.9771220493707,250.49233755973424,251.58139770036897,1545200
2024-04-12,248.56175231933597,254.58126843771063,246.83907636187345,253.56148874575973,1930100
2024-04-15,245.9381103515625,254.45253899344397,245.74010354506663,252.5318412458369,1433300
2024-04-16,243.1758728027344,246.2648364922325,242.30463980406444,245.7401116396063,1088900
2024-04-17,236.0871124267578,242.88874483444656,235.17625397069696,241.6412884207201,2684100
2024-04-18,233.9486083984375,238.83945343325004,233.73079638504456,238.2553129753597,1841200
2024-04-19,233.651611328125,236.91877671130695,232.21604300872815,235.01788405909883,1842300
2024-04-22,235.04757690429688,236.7108522573496,233.16647441849508,236.18612740618764,1046400
2024-04-23,237.3048858642578,237.59199347394616,235.0475749852863,235.0475749852863,1196200
2024-04-24,241.63137817382807,247.13604868995228,240.88884135729447,241.7402841778644,2301300
2024-04-25,239.5324859619141,240.70073666950503,237.83949532352892,239.6611971814438,1207400
2024-04-26,238.4434356689453,241.6907956997445,238.34443981728205,238.37414008347616,1065500
2024-04-29,238.0969390869141,241.80962361093395,237.2058857369781,239.0671830792447,1209100
2024-04-30,233.7803192138672,239.5126973559421,233.15658339222395,238.5523484365985,1862900
2024-05-01,231.5328826904297,234.87925347629664,228.5132299197761,231.42397668535855,2157100
2024-05-02,233.21597290039065,234.3446283152243,230.3151361727821,233.9981201805448,1413200
2024-05-03,232.255615234375,236.3841181772696,231.96850764182616,235.01786068910727,1572800
2024-05-06,234.46343994140625,234.99805981935697,233.0476618436384,233.0674670559923,1067900
2024-05-07,233.6416931152344,235.89900386016345,233.3149750986064,234.4634356830652,897900
2024-05-08,233.008056640625,233.9287950321868,232.1368086174224,233.20606343491195,1194500
2024-05-09,235.17626953125,235.37429144772645,228.55285337696645,230.3547349826826,1229700
2024-05-10,238.0672149658203,238.2751168184413,235.13666296143225,235.63168751503528,1145300
2024-05-13,235.1366729736328,239.29487637956575,233.85951621801348,238.8493572837428,1288800
2024-05-14,233.52288818359372,236.20592802723635,233.3446865879247,235.60199744143932,2105300
2024-05-15,233.651611328125,235.1069848614792,233.21598726277384,234.39414822853217,1569000
2024-05-16,236.5821533203125,237.10687816522488,233.2951828661168,233.2951828661168,1280800
2024-05-17,235.3643951416016,237.1959922281605,233.9684372327624,236.58216655041628,1217000
2024-05-20,237.9385223388672,238.1266341010464,235.0673706394634,235.48320459109732,954100
2024-05-21,235.90892028808597,238.8196673300099,234.7703697599369,238.8196673300099,839700
2024-05-22,233.80999755859372,237.0177469532497,233.15656153118223,234.8792523924625,1091600
2024-05-23,230.36534118652344,234.7729197784576,230.1469465609873,234.7729197784576,1650400
2024-05-24,234.86224365234372,234.99129914469643,231.5863396293836,232.12240463811145,909200
2024-05-28,232.43014526367188,235.8748061071655,231.27861276007013,233.10518730443653,993800
2024-05-29,226.7916412353516,230.7425724120663,226.1662370632407,230.16680613648725,1161700
2024-05-30,227.2879943847656,227.92332008975853,225.04448865513476,227.1192225037597,934600
2024-05-31,229.4818420410156,229.70023666738632,225.77908520777285,227.84389749059457,1660100
2024-06-03,226.71221923828125,230.30577869665169,224.37937447271207,230.0377461784597,1644000
2024-06-04,228.8266448974609,230.0079570859817,224.78637483852452,224.94521003892496,1100600
2024-06-05,231.07015991210935,231.52679219776545,227.82403542750276,229.49175965793904,987800
2024-06-06,230.33555603027344,233.73057901872687,229.68037216916167,231.16941813676544,1028000
2024-06-07,229.412353515625,231.19919654885013,228.44943591684807,229.8292845665348,2723400
2024-06-10,231.0602264404297,231.70548879715065,228.30052905854308,228.3203872465208,1219800
2024-06-11,230.94110107421875,231.5367255178256,228.2508847053184,230.0873807836404,1285100
2024-06-12,234.83248901367188,235.3983337891359,232.31104434163748,232.31104434163748,1477700
2024-06-13,238.7139129638672,239.0117251733847,232.94634426722337,233.50225231306496,1188700
2024-06-14,237.70138549804688,237.9991977426296,233.4228621978675,237.5822666591578,1566300
2024-06-17,242.91302490234372,243.260475014316,235.86488320074716,236.8079426009249,1406900
2024-06-18,241.27508544921875,245.3947732476788,240.36180573706775,243.4887962204908,1320100
2024-06-20,242.1982879638672,242.61521902070723,240.8879353777069,240.90777841801423,1154400
2024-06-21,241.7515869140625,244.14399118747463,240.97728418490695,243.8958168474284,3299600
2024-06-24,243.8660430908203,244.471589101208,241.45378057006403,241.45378057006403,1058600
2024-06-25,243.04209899902344,245.06719496968705,241.9997637306902,244.7296814991364,1283800
2024-06-26,239.74632263183597,241.4835429297472,237.91976321111247,240.89785515038895,1592600
2024-06-27,240.48092651367188,241.17581161034892,238.44589397190688,241.17581161034892,1153600
2024-06-28,240.0044403076172,244.98777005194287,239.25991730207568,240.6298293320677,6788900
2024-07-01,237.76092529296875,241.58281596371205,235.71597127490784,240.42136193832863,1475000
2024-07-02,238.22750854492188,238.366485569622,234.9516042228656,238.0587518111689,1417300
2024-07-03,238.41612243652344,239.90516847217032,236.7384614794504,237.8800725285288,866700
2024-07-05,239.22018432617188,239.61727232332188,236.70866144021133,238.7436938769501,851900
2024-07-08,238.10836791992188,241.28499615620893,237.42340437966533,240.3220785919872,1040300
2024-07-09,235.7854766845703,239.1010821682705,235.65642118308045,239.1010821682705,1254900
2024-07-10,240.74896240234372,240.9673570282651,235.42810407030964,236.2222649693546,1376000
2024-07-11,238.02896118164065,241.16588833507848,237.50283281603123,241.16588833507848,1765400
2024-07-12,241.01698303222656,243.64764009913077,238.40619930095,239.4088181717773,1699300
2024-07-15,244.86865234375,245.04734574252817,240.22283603854905,241.0269184646523,1062300
2024-07-16,253.24700927734372,253.3264268791737,245.8811971154017,246.1293714408608,1562300
2024-07-17,245.7422332763672,253.4654174870016,245.6826738586407,251.40060517077856,1752900
2024-07-18,242.30747985839844,246.6852785783952,242.26777863131215,242.98252189773444,1399800
2024-07-19,242.1288146972656,243.92559448033003,240.87800633976832,243.21085117529145,1342500
2024-07-22,241.16590881347656,242.21816563404684,239.38897198470508,241.8310142538868,1212700
2024-07-23,240.5404815673828,243.8064641835765,240.20296811902588,240.8879316831,730900
2024-07-24,233.32357788085935,239.8456067243677,233.1846008581101,239.47831355296455,1762500
2024-07-25,232.0430145263672,235.7755512535064,230.6333860525961,233.2838862618023,1380100
2024-07-26,234.8722076416016,236.00388205601243,232.2911883784525,233.87951025536887,929400
2024-07-29,236.7086639404297,237.77085730324728,233.97874641404167,236.20239377949403,1335700
2024-07-30,237.0263519287109,239.77611269867788,236.31160862061623,237.25466807932577,1752800
2024-07-31,225.64010620117188,234.49496456954927,221.3020085676622,228.32038596344483,4316500
2024-08-01,217.1823272705078,224.83603058311323,214.03547845609992,224.4985019686244,3067900
2024-08-02,212.1096343994141,215.05794664955528,208.48629524287395,213.54904248294264,3679000
2024-08-05,209.8065948486328,210.78935554893715,203.05624971473748,207.54324606070315,4057500
2024-08-06,213.6781005859375,216.81502778855835,209.6477518439916,210.94818292456085,1911700
2024-08-07,213.2016143798828,216.0506509309577,212.21883854904675,214.36306846322023,2854400
2024-08-08,214.22409057617188,216.21940679118956,213.21153504066828,213.87664044567416,1369600
2024-08-09,216.37823486328125,217.4007118854745,212.4868632079458,213.92627128456505,1214100
2024-08-12,213.1122589111328,216.3583834729389,212.8442415338838,216.3583834729389,1075200
2024-08-13,214.84947204589844,215.26641824677043,211.71256005079627,213.68801800810647,1081100
2024-08-14,215.5146026611328,216.12014865591405,213.9659820575745,215.4153268663059,847400
2024-08-15,220.279541015625,221.32187628677477,217.33122860594767,218.0757516357175,1726700
2024-08-16,219.57269287109372,220.67772472547023,218.746406422282,220.61799573720427,1005700
2024-08-19,224.14215087890625,224.9883520846224,220.07046266610027,220.30939381830487,1068600
2024-08-20,222.13121032714844,224.47068193192428,221.8723644405744,223.49507294922373,1069700
2024-08-21,223.5050201416016,224.13220493278035,222.06151381648667,223.06700247415245,710500
2024-08-22,223.1167755126953,224.8888065527888,222.13121673304556,222.80816558409845,991200
2024-08-23,224.2516632080078,226.6309642435431,223.94305329146556,224.9684414872933,958300
2024-08-26,223.664306640625,227.10882530771943,223.1466300661022,225.5558107746372,1104900
2024-08-27,226.60110473632807,227.1585955901596,222.7982120174142,223.3955171363108,1017700
2024-08-28,226.3024444580078,227.15858021810877,225.1675329088832,225.40646405456505,1026200
2024-08-29,230.3343048095703,232.564283280963,227.8554606131701,228.7215613381306,1954400
2024-08-30,233.6394500732422,234.3761278593448,230.0157445603637,231.5189798175998,2218100
2024-09-03,229.68722534179688,233.6494053465386,228.7116163858575,233.15164350507155,1802700
2024-09-04,228.4328765869141,229.627501997713,227.08891350571136,228.9704527051034,1412200
2024-09-05,228.0346527099609,229.5179884682384,225.8445036424571,228.70165175562656,1808800
2024-09-06,226.58120727539065,231.8574708978508,226.14317440322716,228.4428317915988,3355300
2024-09-09,227.56675720214844,229.9161937238541,225.525930594612,227.905231611851,1876900
2024-09-10,224.65982055664065,227.9749161381896,220.95647135872028,226.6608176270954,1755200
2024-09-11,226.3124084472656,226.76039108189516,220.84697777142355,224.6598354310456,1330900
2024-09-12,229.6673126220703,229.786785794597,226.5712333334664,227.77582368415844,1044700
2024-09-13,230.70266723632807,231.5189887696114,228.64192589009525,230.51351530323592,1034100
2024-09-16,231.41944885253903,234.69471518229776,230.86194281362452,232.02671892468112,993100
2024-09-17,234.5553436279297,235.1725634716665,231.71809495758427,232.6837541785517,1005300
2024-09-18,237.67132568359372,240.64793172545487,235.74000733949816,237.8305979255148,1539600
2024-09-19,243.36573791503903,244.91875250460828,240.95655711887625,241.8824020875728,1676100
2024-09-20,243.2960357666016,243.64447513683825,239.82165259457705,242.80822368636743,3663400
2024-09-23,240.5882110595703,244.03272974972845,240.2796011426589,243.7539843286158,1393400
2024-09-24,246.2726593017578,246.35230302111248,241.76293812789157,241.93217533508792,1225300
2024-09-25,244.40106201171875,246.5115673400295,243.53496127613573,246.36224486509647,951400
2024-09-26,249.5877685546875,249.87646376127464,245.11786140368932,247.05912969760183,1431800
2024-09-27,251.9073028564453,253.29108015058432,250.54344028904887,251.67833666560543,1238400
2024-09-30,247.48719787597656,252.81324055624975,245.35677776577003,250.9217516025988,1646300
2024-10-01,244.97848510742188,248.19402255194453,242.011828599266,247.59671741895636,1382500
2024-10-02,247.7062225341797,247.88540951468443,243.75399209896767,244.1920097814748,857600
2024-10-03,248.36325073242188,248.55240266765875,244.90878224605672,244.95856146961688,935600
2024-10-04,253.4702911376953,253.6992573365092,251.09099009036453,252.1462427871868,1129400
2024-10-07,254.0178375244141,254.70475132570357,251.9371965831796,252.86302635675307,2406700
2024-10-08,255.43145751953125,256.19803021217695,252.3951223876196,254.17711831688132,1207900
2024-10-09,260.707763671875,261.84264494511604,254.8540791797591,255.14278957300257,1442600
2024-10-10,259.3737487792969,260.74757632228284,258.12934417600843,259.72218814441203,1038200
2024-10-11,261.45440673828125,262.95765731932835,259.8814622034564,260.0606795675954,1084700
2024-10-14,260.38916015625,262.16119101550413,259.25427900776924,260.05068576526554,1139700
2024-10-15,259.41357421875,262.1413300454646,258.33842189985927,260.2000465146364,1252400
2024-10-16,261.3946838378906,262.11146216823585,258.4379770228384,259.2642483851238,709200
2024-10-17,263.3857421875,264.0129270499095,261.11594911176485,263.31604822923765,1163500
2024-10-18,264.4111022949219,265.38669608262944,261.90236311287964,263.3857140933487,886800
2024-10-21,263.7839050292969,265.24732602264896,262.0815680797962,263.3060427360287,869100
2024-10-22,264.3115539550781,264.69982279799245,262.17118398229576,263.6146751820915,1198100
2024-10-23,256.6659240722656,261.8227294754438,254.3363871017452,259.3140207233232,1990300
2024-10-24,259.4633483886719,260.64802402944,256.2776603766785,258.80629909691174,1195100
2024-10-25,260.9466552734375,263.94319119329003,260.19004757463784,262.1313308519387,1162000
2024-10-28,261.3747253417969,263.4155670777613,259.5131009545552,263.16668616222694,1127500
2024-10-29,262.7087707519531,263.9232805324704,261.10596175428583,261.623623154882,791500
2024-10-30,263.0770874023437,264.41108543713807,262.07159880183923,262.4897320991786,897800
2024-10-31,258.8560791015625,264.18213733415735,258.75655102958683,263.077120535043,1308100
2024-11-01,259.40362548828125,262.211009696916,257.27319012427563,257.32298453933475,1481600
2024-11-04,255.2821350097656,255.5409808935857,248.43294228570556,254.2866113101158,2222000
2024-11-05,258.4976806640625,259.90137268918244,252.94265674399105,252.94265674399105,1604300
2024-11-06,275.0233764648437,276.1682225994451,267.2881381706908,268.90088164146465,2148500
2024-11-07,276.43701171875,277.25334843826005,272.63410392091043,274.89396214733523,1472700
2024-11-08,279.5430603027344,281.5341078273435,275.9691336417779,276.56645397535544,1516600
2024-11-11,284.63018798828125,284.90893341225024,279.8118568705479,279.8118568705479,1895500
2024-11-12,284.7396850585937,285.7153092468308,282.4400276829386,284.3414816445489,1143200
2024-11-13,285.18768310546875,287.7461863736464,283.08711224474405,283.41565208778763,1274000
2024-11-14,280.7575988769531,286.2230449593167,280.49878335932,285.1976567053389,1396800
2024-11-15,277.5321044921875,281.19562453056,276.4270877337273,280.72772716178605,1751100
2024-11-18,280.1901550292969,280.9765968710132,276.8053501745761,279.33398885679406,1733900
2024-11-19,278.0198669433594,279.453423368709,275.0432610786949,278.0497314363471,890500
2024-11-20,278.9258117675781,279.5728960703844,277.29316876328187,278.2986270008223,938600
2024-11-21,282.80712890625,283.19624226857485,279.6441935817728,281.29053377069056,944500
2024-11-22,283.6552429199219,284.313772919136,282.24838752834233,282.6973644940987,990300
2024-11-25,287.3569641113281,288.98332957872964,285.1618640112574,285.4412376194992,1808400
2024-11-26,287.5365600585937,289.15293813877463,285.8902501787592,288.1551708843973,1459100
2024-11-27,284.9623107910156,287.2571631098841,283.98448799936125,287.2372187282152,1112900
2024-11-29,288.44451904296875,289.7815234502414,284.90245762776,284.91241459424015,702400
2024-12-02,285.60089111328125,289.2926421596424,284.0044878548508,288.3248066982627,1574300
2024-12-03,284.2937927246094,287.3469578319084,283.07651555801425,286.5687006565074,928800
2024-12-04,288.9833068847656,289.3624632767698,283.8647564915839,285.4412152036969,1115400
2024-12-05,291.82696533203125,293.9921031319025,289.23276448912577,289.3125724683886,1307400
2024-12-06,291.93670654296875,294.7903366190064,291.6872647385693,292.0364893546163,1013100
2024-12-09,286.3292541503906,293.21384172964486,285.64079234752137,291.8369181239063,1064700
2024-12-10,287.0277099609375,289.1030523835737,284.8625416928742,288.36471438360184,866700
2024-12-11,291.0786437988281,292.3058779991504,288.89353113796267,289.342508119993,876800
2024-12-12,289.3424987792969,293.35354238591714,289.10304439661087,292.0264949665095,1168000
2024-12-13,286.4389953613281,288.94340078574373,285.4312711914877,287.96557796458995,797200
2024-12-16,289.7515869140625,291.4178715250268,285.7006545442461,286.9378761204152,976900
2024-12-17,288.7937316894531,290.6695388381617,287.815908902516,288.125214288799,1310600
2024-12-18,277.0300598144531,290.59969996268427,276.91033262114263,288.85360734488273,1861100
2024-12-19,278.3970031738281,282.1586051404721,277.56886976585946,280.5721588894674,1489900
2024-12-20,283.3259582519531,286.2893279772206,276.191929046513,276.2118734281989,2619100
2024-12-23,282.9967041015625,283.5255194777102,279.8537436414609,282.8570020836109,907800
2024-12-24,285.7505798339844,285.91019579986846,282.12867981300354,282.9967324561596,424000
2024-12-26,285.920166015625,286.6285722008397,284.2139926317379,284.3736390374581,473700
2024-12-27,283.0266418457031,285.41128957146213,280.15306749627666,283.3758664484833,717600
2024-12-30,279.6841125488281,281.47012430617417,276.8704018259687,281.05104869767786,1021000
2024-12-31,278.31719970703125,280.57216344035743,277.5888186512776,280.3526534269413,740200
